/media/hemeng/2TB/MM/Morandini/robot/robot.mtx,0.008288,0.001984,870
/media/hemeng/2TB/MM/JGD_CAG/CAG_mat72/CAG_mat72.mtx,0.008734,0.001709,1012
/media/hemeng/2TB/MM/HB/fs_183_1/fs_183_1.mtx,0.012506,0.005333,1069
/media/hemeng/2TB/MM/HB/fs_183_3/fs_183_3.mtx,0.012506,0.005333,1069
/media/hemeng/2TB/MM/HB/fs_183_4/fs_183_4.mtx,0.012506,0.005333,1069
/media/hemeng/2TB/MM/HB/fs_183_6/fs_183_6.mtx,0.012506,0.005333,1069
/media/hemeng/2TB/MM/Rommes/ww_36_pmec_36/ww_36_pmec_36.mtx,0.010889,0.001785,1194
/media/hemeng/2TB/MM/HB/arc130/arc130.mtx,0.012618,0.003555,1282
/media/hemeng/2TB/MM/HB/impcol_e/impcol_e.mtx,0.013654,0.004433,1308
/media/hemeng/2TB/MM/HB/impcol_d/impcol_d.mtx,0.015386,0.007668,1339
/media/hemeng/2TB/MM/Rajat/rajat05/rajat05.mtx,0.015636,0.005203,1384
/media/hemeng/2TB/MM/HB/nnc261/nnc261.mtx,0.016390,0.005608,1500
/media/hemeng/2TB/MM/CPM/cz148/cz148.mtx,0.014433,0.003510,1527
/media/hemeng/2TB/MM/Sandia/oscil_dcop_01/oscil_dcop_01.mtx,0.019944,0.009842,1544
/media/hemeng/2TB/MM/Sandia/oscil_dcop_02/oscil_dcop_02.mtx,0.019944,0.009842,1544
/media/hemeng/2TB/MM/Sandia/oscil_dcop_03/oscil_dcop_03.mtx,0.019944,0.009842,1544
/media/hemeng/2TB/MM/Sandia/oscil_dcop_04/oscil_dcop_04.mtx,0.019944,0.009842,1544
/media/hemeng/2TB/MM/Sandia/oscil_dcop_05/oscil_dcop_05.mtx,0.019944,0.009842,1544
/media/hemeng/2TB/MM/Sandia/oscil_dcop_06/oscil_dcop_06.mtx,0.019944,0.009842,1544
/media/hemeng/2TB/MM/Sandia/oscil_dcop_07/oscil_dcop_07.mtx,0.019944,0.009842,1544
/media/hemeng/2TB/MM/Sandia/oscil_dcop_08/oscil_dcop_08.mtx,0.019944,0.009842,1544
/media/hemeng/2TB/MM/Sandia/oscil_dcop_09/oscil_dcop_09.mtx,0.019944,0.009842,1544
/media/hemeng/2TB/MM/Sandia/oscil_dcop_10/oscil_dcop_10.mtx,0.019944,0.009842,1544
/media/hemeng/2TB/MM/Sandia/oscil_dcop_11/oscil_dcop_11.mtx,0.019944,0.009842,1544
/media/hemeng/2TB/MM/Sandia/oscil_dcop_12/oscil_dcop_12.mtx,0.019944,0.009842,1544
/media/hemeng/2TB/MM/Sandia/oscil_dcop_13/oscil_dcop_13.mtx,0.019944,0.009842,1544
/media/hemeng/2TB/MM/Sandia/oscil_dcop_14/oscil_dcop_14.mtx,0.019944,0.009842,1544
/media/hemeng/2TB/MM/Sandia/oscil_dcop_15/oscil_dcop_15.mtx,0.019944,0.009842,1544
/media/hemeng/2TB/MM/Sandia/oscil_dcop_16/oscil_dcop_16.mtx,0.019944,0.009842,1544
/media/hemeng/2TB/MM/Sandia/oscil_dcop_17/oscil_dcop_17.mtx,0.019944,0.009842,1544
/media/hemeng/2TB/MM/Sandia/oscil_dcop_18/oscil_dcop_18.mtx,0.019944,0.009842,1544
/media/hemeng/2TB/MM/Sandia/oscil_dcop_19/oscil_dcop_19.mtx,0.019944,0.009842,1544
/media/hemeng/2TB/MM/Sandia/oscil_dcop_20/oscil_dcop_20.mtx,0.019944,0.009842,1544
/media/hemeng/2TB/MM/Sandia/oscil_dcop_21/oscil_dcop_21.mtx,0.019944,0.009842,1544
/media/hemeng/2TB/MM/Sandia/oscil_dcop_22/oscil_dcop_22.mtx,0.019944,0.009842,1544
/media/hemeng/2TB/MM/Sandia/oscil_dcop_23/oscil_dcop_23.mtx,0.019944,0.009842,1544
/media/hemeng/2TB/MM/Sandia/oscil_dcop_24/oscil_dcop_24.mtx,0.019944,0.009842,1544
/media/hemeng/2TB/MM/Sandia/oscil_dcop_25/oscil_dcop_25.mtx,0.019944,0.009842,1544
/media/hemeng/2TB/MM/Sandia/oscil_dcop_26/oscil_dcop_26.mtx,0.019944,0.009842,1544
/media/hemeng/2TB/MM/Sandia/oscil_dcop_27/oscil_dcop_27.mtx,0.019944,0.009842,1544
/media/hemeng/2TB/MM/Sandia/oscil_dcop_28/oscil_dcop_28.mtx,0.019944,0.009842,1544
/media/hemeng/2TB/MM/Sandia/oscil_dcop_29/oscil_dcop_29.mtx,0.019944,0.009842,1544
/media/hemeng/2TB/MM/Sandia/oscil_dcop_30/oscil_dcop_30.mtx,0.019944,0.009842,1544
/media/hemeng/2TB/MM/Sandia/oscil_dcop_31/oscil_dcop_31.mtx,0.019944,0.009842,1544
/media/hemeng/2TB/MM/Sandia/oscil_dcop_32/oscil_dcop_32.mtx,0.019944,0.009842,1544
/media/hemeng/2TB/MM/Sandia/oscil_dcop_33/oscil_dcop_33.mtx,0.019944,0.009842,1544
/media/hemeng/2TB/MM/Sandia/oscil_dcop_34/oscil_dcop_34.mtx,0.019944,0.009842,1544
/media/hemeng/2TB/MM/Sandia/oscil_dcop_35/oscil_dcop_35.mtx,0.019944,0.009842,1544
/media/hemeng/2TB/MM/Sandia/oscil_dcop_36/oscil_dcop_36.mtx,0.019944,0.009842,1544
/media/hemeng/2TB/MM/Sandia/oscil_dcop_37/oscil_dcop_37.mtx,0.019944,0.009842,1544
/media/hemeng/2TB/MM/Sandia/oscil_dcop_38/oscil_dcop_38.mtx,0.019944,0.009842,1544
/media/hemeng/2TB/MM/Sandia/oscil_dcop_39/oscil_dcop_39.mtx,0.019944,0.009842,1544
/media/hemeng/2TB/MM/Sandia/oscil_dcop_40/oscil_dcop_40.mtx,0.019944,0.009842,1544
/media/hemeng/2TB/MM/Sandia/oscil_dcop_41/oscil_dcop_41.mtx,0.019944,0.009842,1544
/media/hemeng/2TB/MM/Sandia/oscil_dcop_42/oscil_dcop_42.mtx,0.019944,0.009842,1544
/media/hemeng/2TB/MM/Sandia/oscil_dcop_43/oscil_dcop_43.mtx,0.019944,0.009842,1544
/media/hemeng/2TB/MM/Sandia/oscil_dcop_44/oscil_dcop_44.mtx,0.019944,0.009842,1544
/media/hemeng/2TB/MM/Sandia/oscil_dcop_45/oscil_dcop_45.mtx,0.019944,0.009842,1544
/media/hemeng/2TB/MM/Sandia/oscil_dcop_46/oscil_dcop_46.mtx,0.019944,0.009842,1544
/media/hemeng/2TB/MM/Sandia/oscil_dcop_47/oscil_dcop_47.mtx,0.019944,0.009842,1544
/media/hemeng/2TB/MM/Sandia/oscil_dcop_48/oscil_dcop_48.mtx,0.019944,0.009842,1544
/media/hemeng/2TB/MM/Sandia/oscil_dcop_49/oscil_dcop_49.mtx,0.019944,0.009842,1544
/media/hemeng/2TB/MM/Sandia/oscil_dcop_50/oscil_dcop_50.mtx,0.019944,0.009842,1544
/media/hemeng/2TB/MM/Sandia/oscil_dcop_51/oscil_dcop_51.mtx,0.019944,0.009842,1544
/media/hemeng/2TB/MM/Sandia/oscil_dcop_52/oscil_dcop_52.mtx,0.019944,0.009842,1544
/media/hemeng/2TB/MM/Sandia/oscil_dcop_53/oscil_dcop_53.mtx,0.019944,0.009842,1544
/media/hemeng/2TB/MM/Sandia/oscil_dcop_54/oscil_dcop_54.mtx,0.019944,0.009842,1544
/media/hemeng/2TB/MM/Sandia/oscil_dcop_55/oscil_dcop_55.mtx,0.019944,0.009842,1544
/media/hemeng/2TB/MM/Sandia/oscil_dcop_56/oscil_dcop_56.mtx,0.019944,0.009842,1544
/media/hemeng/2TB/MM/Sandia/oscil_dcop_57/oscil_dcop_57.mtx,0.019944,0.009842,1544
/media/hemeng/2TB/MM/Sandia/oscil_trans_01/oscil_trans_01.mtx,0.020776,0.010178,1614
/media/hemeng/2TB/MM/HB/shl_0/shl_0.mtx,0.022466,0.009285,1687
/media/hemeng/2TB/MM/HB/shl_400/shl_400.mtx,0.025080,0.010826,1712
/media/hemeng/2TB/MM/HB/shl_200/shl_200.mtx,0.024216,0.010162,1726
/media/hemeng/2TB/MM/HB/west0497/west0497.mtx,0.020228,0.008675,1727
/media/hemeng/2TB/MM/Bai/rw496/rw496.mtx,0.021816,0.011620,1859
/media/hemeng/2TB/MM/HB/west0479/west0479.mtx,0.022176,0.009117,1910
/media/hemeng/2TB/MM/HB/west0381/west0381.mtx,0.022387,0.012489,2157
/media/hemeng/2TB/MM/Bai/tols340/tols340.mtx,0.022006,0.006271,2196
/media/hemeng/2TB/MM/Muite/Chebyshev1/Chebyshev1.mtx,0.022094,0.003860,2319
/media/hemeng/2TB/MM/JGD_Homology/ch5-5-b3/ch5-5-b3.mtx,0.030314,0.015289,2400
/media/hemeng/2TB/MM/HB/str_0/str_0.mtx,0.026186,0.008148,2454
/media/hemeng/2TB/MM/Bai/dw256A/dw256A.mtx,0.026736,0.012314,2480
/media/hemeng/2TB/MM/Bai/dwa512/dwa512.mtx,0.026736,0.012314,2480
/media/hemeng/2TB/MM/Bai/dw256B/dw256B.mtx,0.027404,0.012619,2500
/media/hemeng/2TB/MM/Bai/dwb512/dwb512.mtx,0.027404,0.012619,2500
/media/hemeng/2TB/MM/HB/fs_680_1/fs_680_1.mtx,0.032111,0.018440,2646
/media/hemeng/2TB/MM/HB/fs_680_2/fs_680_2.mtx,0.032111,0.018440,2646
/media/hemeng/2TB/MM/HB/fs_680_3/fs_680_3.mtx,0.032111,0.018440,2646
/media/hemeng/2TB/MM/HB/mcca/mcca.mtx,0.024714,0.003479,2659
/media/hemeng/2TB/MM/HB/lns_511/lns_511.mtx,0.030874,0.013443,2796
/media/hemeng/2TB/MM/HB/lnsp_511/lnsp_511.mtx,0.030973,0.012314,2796
/media/hemeng/2TB/MM/HB/west0655/west0655.mtx,0.033017,0.013107,2854
/media/hemeng/2TB/MM/Bai/ck400/ck400.mtx,0.029351,0.008408,2860
/media/hemeng/2TB/MM/Bai/qh768/qh768.mtx,0.038171,0.018806,2934
/media/hemeng/2TB/MM/HB/str_200/str_200.mtx,0.035272,0.012718,3068
/media/hemeng/2TB/MM/TOKAMAK/utm300/utm300.mtx,0.031697,0.008522,3155
/media/hemeng/2TB/MM/HB/str_400/str_400.mtx,0.036650,0.013229,3157
/media/hemeng/2TB/MM/CPM/cz308/cz308.mtx,0.031710,0.008644,3182
/media/hemeng/2TB/MM/HB/bp_0/bp_0.mtx,0.042882,0.017357,3276
/media/hemeng/2TB/MM/HB/str_600/str_600.mtx,0.039015,0.014809,3279
/media/hemeng/2TB/MM/Bai/qh882/qh882.mtx,0.042127,0.020729,3354
/media/hemeng/2TB/MM/HB/pores_3/pores_3.mtx,0.036840,0.011871,3474
/media/hemeng/2TB/MM/HB/west0989/west0989.mtx,0.041585,0.017929,3537
/media/hemeng/2TB/MM/Bai/tols1090/tols1090.mtx,0.039479,0.017632,3546
/media/hemeng/2TB/MM/Bai/bfwa398/bfwa398.mtx,0.038462,0.014107,3678
/media/hemeng/2TB/MM/HB/bp_200/bp_200.mtx,0.053424,0.023003,3802
/media/hemeng/2TB/MM/Bai/ck656/ck656.mtx,0.041070,0.013168,3884
/media/hemeng/2TB/MM/HB/young3c/young3c.mtx,0.044733,0.020836,3988
/media/hemeng/2TB/MM/HB/bp_400/bp_400.mtx,0.058414,0.026024,4028
/media/hemeng/2TB/MM/HB/nnc666/nnc666.mtx,0.045776,0.015747,4044
/media/hemeng/2TB/MM/HB/bp_600/bp_600.mtx,0.062342,0.028648,4172
/media/hemeng/2TB/MM/Grund/b2_ss/b2_ss.mtx,0.050973,0.022499,4228
/media/hemeng/2TB/MM/Grund/b_dyn/b_dyn.mtx,0.051351,0.022774,4264
/media/hemeng/2TB/MM/HB/fs_541_1/fs_541_1.mtx,0.050925,0.027519,4285
/media/hemeng/2TB/MM/HB/fs_541_2/fs_541_2.mtx,0.050925,0.027519,4285
/media/hemeng/2TB/MM/HB/fs_541_3/fs_541_3.mtx,0.050925,0.027519,4285
/media/hemeng/2TB/MM/HB/fs_541_4/fs_541_4.mtx,0.050925,0.027519,4285
/media/hemeng/2TB/MM/HB/bp_800/bp_800.mtx,0.069975,0.032837,4534
/media/hemeng/2TB/MM/HB/bp_1000/bp_1000.mtx,0.073100,0.034935,4661
/media/hemeng/2TB/MM/HB/bp_1200/bp_1200.mtx,0.074562,0.036133,4726
/media/hemeng/2TB/MM/HB/bp_1400/bp_1400.mtx,0.076255,0.037216,4790
/media/hemeng/2TB/MM/HB/bp_1600/bp_1600.mtx,0.077339,0.037956,4841
/media/hemeng/2TB/MM/Bai/tols2000/tols2000.mtx,0.057044,0.030403,5184
/media/hemeng/2TB/MM/Rajat/rajat19/rajat19.mtx,0.068192,0.028641,5399
/media/hemeng/2TB/MM/HB/west1505/west1505.mtx,0.064444,0.027580,5445
/media/hemeng/2TB/MM/Sandia/fpga_dcop_05/fpga_dcop_05.mtx,0.074533,0.037010,5852
/media/hemeng/2TB/MM/Sandia/fpga_dcop_07/fpga_dcop_07.mtx,0.074558,0.037010,5855
/media/hemeng/2TB/MM/Sandia/fpga_dcop_06/fpga_dcop_06.mtx,0.074607,0.037033,5860
/media/hemeng/2TB/MM/YZhou/circuit204/circuit204.mtx,0.074215,0.035706,5883
/media/hemeng/2TB/MM/Sandia/fpga_dcop_04/fpga_dcop_04.mtx,0.074824,0.037079,5884
/media/hemeng/2TB/MM/Sandia/fpga_dcop_10/fpga_dcop_10.mtx,0.074824,0.037079,5884
/media/hemeng/2TB/MM/Sandia/fpga_dcop_08/fpga_dcop_08.mtx,0.074866,0.037109,5888
/media/hemeng/2TB/MM/Sandia/fpga_dcop_09/fpga_dcop_09.mtx,0.074862,0.037094,5888
/media/hemeng/2TB/MM/Sandia/fpga_dcop_01/fpga_dcop_01.mtx,0.074901,0.037109,5892
/media/hemeng/2TB/MM/Sandia/fpga_dcop_02/fpga_dcop_02.mtx,0.074901,0.037109,5892
/media/hemeng/2TB/MM/Sandia/fpga_dcop_03/fpga_dcop_03.mtx,0.074901,0.037109,5892
/media/hemeng/2TB/MM/Sandia/fpga_dcop_11/fpga_dcop_11.mtx,0.074901,0.037109,5892
/media/hemeng/2TB/MM/Sandia/fpga_dcop_12/fpga_dcop_12.mtx,0.074901,0.037109,5892
/media/hemeng/2TB/MM/Sandia/fpga_dcop_13/fpga_dcop_13.mtx,0.074901,0.037109,5892
/media/hemeng/2TB/MM/Sandia/fpga_dcop_14/fpga_dcop_14.mtx,0.074901,0.037109,5892
/media/hemeng/2TB/MM/Sandia/fpga_dcop_15/fpga_dcop_15.mtx,0.074901,0.037109,5892
/media/hemeng/2TB/MM/Sandia/fpga_dcop_16/fpga_dcop_16.mtx,0.074901,0.037109,5892
/media/hemeng/2TB/MM/Sandia/fpga_dcop_17/fpga_dcop_17.mtx,0.074901,0.037109,5892
/media/hemeng/2TB/MM/Sandia/fpga_dcop_18/fpga_dcop_18.mtx,0.074901,0.037109,5892
/media/hemeng/2TB/MM/Sandia/fpga_dcop_19/fpga_dcop_19.mtx,0.074901,0.037109,5892
/media/hemeng/2TB/MM/Sandia/fpga_dcop_20/fpga_dcop_20.mtx,0.074901,0.037109,5892
/media/hemeng/2TB/MM/Sandia/fpga_dcop_21/fpga_dcop_21.mtx,0.074901,0.037109,5892
/media/hemeng/2TB/MM/Sandia/fpga_dcop_22/fpga_dcop_22.mtx,0.074901,0.037109,5892
/media/hemeng/2TB/MM/Sandia/fpga_dcop_23/fpga_dcop_23.mtx,0.074901,0.037109,5892
/media/hemeng/2TB/MM/Sandia/fpga_dcop_24/fpga_dcop_24.mtx,0.074901,0.037109,5892
/media/hemeng/2TB/MM/Sandia/fpga_dcop_25/fpga_dcop_25.mtx,0.074901,0.037109,5892
/media/hemeng/2TB/MM/Sandia/fpga_dcop_26/fpga_dcop_26.mtx,0.074901,0.037109,5892
/media/hemeng/2TB/MM/Sandia/fpga_dcop_27/fpga_dcop_27.mtx,0.074901,0.037109,5892
/media/hemeng/2TB/MM/Sandia/fpga_dcop_28/fpga_dcop_28.mtx,0.074901,0.037109,5892
/media/hemeng/2TB/MM/Sandia/fpga_dcop_29/fpga_dcop_29.mtx,0.074901,0.037109,5892
/media/hemeng/2TB/MM/Sandia/fpga_dcop_30/fpga_dcop_30.mtx,0.074901,0.037109,5892
/media/hemeng/2TB/MM/Sandia/fpga_dcop_31/fpga_dcop_31.mtx,0.074901,0.037109,5892
/media/hemeng/2TB/MM/Sandia/fpga_dcop_32/fpga_dcop_32.mtx,0.074901,0.037109,5892
/media/hemeng/2TB/MM/Sandia/fpga_dcop_33/fpga_dcop_33.mtx,0.074901,0.037109,5892
/media/hemeng/2TB/MM/Sandia/fpga_dcop_34/fpga_dcop_34.mtx,0.074901,0.037109,5892
/media/hemeng/2TB/MM/Sandia/fpga_dcop_35/fpga_dcop_35.mtx,0.074901,0.037109,5892
/media/hemeng/2TB/MM/Sandia/fpga_dcop_36/fpga_dcop_36.mtx,0.074901,0.037109,5892
/media/hemeng/2TB/MM/Sandia/fpga_dcop_37/fpga_dcop_37.mtx,0.074901,0.037109,5892
/media/hemeng/2TB/MM/Sandia/fpga_dcop_38/fpga_dcop_38.mtx,0.074901,0.037109,5892
/media/hemeng/2TB/MM/Sandia/fpga_dcop_39/fpga_dcop_39.mtx,0.074901,0.037109,5892
/media/hemeng/2TB/MM/Sandia/fpga_dcop_40/fpga_dcop_40.mtx,0.074901,0.037109,5892
/media/hemeng/2TB/MM/Sandia/fpga_dcop_41/fpga_dcop_41.mtx,0.074901,0.037109,5892
/media/hemeng/2TB/MM/Sandia/fpga_dcop_42/fpga_dcop_42.mtx,0.074901,0.037109,5892
/media/hemeng/2TB/MM/Sandia/fpga_dcop_43/fpga_dcop_43.mtx,0.074901,0.037109,5892
/media/hemeng/2TB/MM/Sandia/fpga_dcop_44/fpga_dcop_44.mtx,0.074901,0.037109,5892
/media/hemeng/2TB/MM/Sandia/fpga_dcop_45/fpga_dcop_45.mtx,0.074901,0.037109,5892
/media/hemeng/2TB/MM/Sandia/fpga_dcop_46/fpga_dcop_46.mtx,0.074901,0.037109,5892
/media/hemeng/2TB/MM/Sandia/fpga_dcop_47/fpga_dcop_47.mtx,0.074901,0.037109,5892
/media/hemeng/2TB/MM/Sandia/fpga_dcop_48/fpga_dcop_48.mtx,0.074901,0.037109,5892
/media/hemeng/2TB/MM/Sandia/fpga_dcop_49/fpga_dcop_49.mtx,0.074901,0.037109,5892
/media/hemeng/2TB/MM/Sandia/fpga_dcop_50/fpga_dcop_50.mtx,0.074901,0.037109,5892
/media/hemeng/2TB/MM/Sandia/fpga_dcop_51/fpga_dcop_51.mtx,0.074901,0.037109,5892
/media/hemeng/2TB/MM/HB/fs_760_1/fs_760_1.mtx,0.074163,0.043549,5976
/media/hemeng/2TB/MM/HB/fs_760_2/fs_760_2.mtx,0.074163,0.043549,5976
/media/hemeng/2TB/MM/HB/fs_760_3/fs_760_3.mtx,0.074163,0.043549,5976
/media/hemeng/2TB/MM/HB/jpwh_991/jpwh_991.mtx,0.082612,0.045631,6027
/media/hemeng/2TB/MM/CPM/cz628/cz628.mtx,0.064976,0.018196,6346
/media/hemeng/2TB/MM/DRIVCAV/cavity01/cavity01.mtx,0.068132,0.011780,7327
/media/hemeng/2TB/MM/DRIVCAV/cavity02/cavity02.mtx,0.067762,0.010246,7327
/media/hemeng/2TB/MM/DRIVCAV/cavity03/cavity03.mtx,0.068132,0.011780,7327
/media/hemeng/2TB/MM/DRIVCAV/cavity04/cavity04.mtx,0.067762,0.010246,7327
/media/hemeng/2TB/MM/HB/west2021/west2021.mtx,0.086986,0.037247,7353
/media/hemeng/2TB/MM/Norris/lung1/lung1.mtx,0.078693,0.026871,7419
/media/hemeng/2TB/MM/Bai/bfwa782/bfwa782.mtx,0.082100,0.031670,7514
/media/hemeng/2TB/MM/HB/mahindas/mahindas.mtx,0.083035,0.032112,7682
/media/hemeng/2TB/MM/Averous/epb0/epb0.mtx,0.089787,0.042313,7764
/media/hemeng/2TB/MM/Grund/poli/poli.mtx,0.101118,0.045227,8188
/media/hemeng/2TB/MM/Bai/mhda416/mhda416.mtx,0.077430,0.008888,8562
/media/hemeng/2TB/MM/HB/nnc1374/nnc1374.mtx,0.099472,0.034615,8606
/media/hemeng/2TB/MM/Bai/tols4000/tols4000.mtx,0.100436,0.059586,8784
/media/hemeng/2TB/MM/HB/pores_2/pores_2.mtx,0.107605,0.047165,9613
/media/hemeng/2TB/MM/Bai/dw1024/dw1024.mtx,0.112943,0.052292,10114
/media/hemeng/2TB/MM/Bai/dw2048/dw2048.mtx,0.112943,0.052292,10114
/media/hemeng/2TB/MM/Morandini/rotor2/rotor2.mtx,0.101486,0.017715,10685
/media/hemeng/2TB/MM/Sandia/adder_dcop_05/adder_dcop_05.mtx,0.182904,0.090363,11097
/media/hemeng/2TB/MM/Sandia/adder_dcop_04/adder_dcop_04.mtx,0.182439,0.090004,11107
/media/hemeng/2TB/MM/Sandia/adder_dcop_03/adder_dcop_03.mtx,0.183384,0.090446,11148
/media/hemeng/2TB/MM/Sandia/adder_dcop_01/adder_dcop_01.mtx,0.184248,0.090607,11156
/media/hemeng/2TB/MM/Sandia/init_adder1/init_adder1.mtx,0.184248,0.090607,11156
/media/hemeng/2TB/MM/Sandia/adder_dcop_06/adder_dcop_06.mtx,0.184811,0.091110,11224
/media/hemeng/2TB/MM/Sandia/adder_dcop_07/adder_dcop_07.mtx,0.184782,0.091095,11226
/media/hemeng/2TB/MM/Sandia/adder_dcop_10/adder_dcop_10.mtx,0.184929,0.091141,11232
/media/hemeng/2TB/MM/Sandia/adder_dcop_09/adder_dcop_09.mtx,0.185096,0.091232,11239
/media/hemeng/2TB/MM/Sandia/adder_dcop_08/adder_dcop_08.mtx,0.185127,0.091255,11242
/media/hemeng/2TB/MM/Sandia/adder_dcop_11/adder_dcop_11.mtx,0.185184,0.091278,11243
/media/hemeng/2TB/MM/Sandia/adder_dcop_13/adder_dcop_13.mtx,0.185203,0.091286,11245
/media/hemeng/2TB/MM/Sandia/adder_dcop_19/adder_dcop_19.mtx,0.185178,0.091270,11245
/media/hemeng/2TB/MM/Sandia/adder_dcop_44/adder_dcop_44.mtx,0.185201,0.091278,11245
/media/hemeng/2TB/MM/Sandia/adder_dcop_02/adder_dcop_02.mtx,0.185211,0.091286,11246
/media/hemeng/2TB/MM/Sandia/adder_dcop_12/adder_dcop_12.mtx,0.185211,0.091286,11246
/media/hemeng/2TB/MM/Sandia/adder_dcop_14/adder_dcop_14.mtx,0.185211,0.091286,11246
/media/hemeng/2TB/MM/Sandia/adder_dcop_15/adder_dcop_15.mtx,0.185211,0.091286,11246
/media/hemeng/2TB/MM/Sandia/adder_dcop_16/adder_dcop_16.mtx,0.185211,0.091286,11246
/media/hemeng/2TB/MM/Sandia/adder_dcop_17/adder_dcop_17.mtx,0.185211,0.091286,11246
/media/hemeng/2TB/MM/Sandia/adder_dcop_18/adder_dcop_18.mtx,0.185211,0.091286,11246
/media/hemeng/2TB/MM/Sandia/adder_dcop_20/adder_dcop_20.mtx,0.185211,0.091286,11246
/media/hemeng/2TB/MM/Sandia/adder_dcop_21/adder_dcop_21.mtx,0.185211,0.091286,11246
/media/hemeng/2TB/MM/Sandia/adder_dcop_22/adder_dcop_22.mtx,0.185211,0.091286,11246
/media/hemeng/2TB/MM/Sandia/adder_dcop_23/adder_dcop_23.mtx,0.185211,0.091286,11246
/media/hemeng/2TB/MM/Sandia/adder_dcop_24/adder_dcop_24.mtx,0.185211,0.091286,11246
/media/hemeng/2TB/MM/Sandia/adder_dcop_25/adder_dcop_25.mtx,0.185211,0.091286,11246
/media/hemeng/2TB/MM/Sandia/adder_dcop_26/adder_dcop_26.mtx,0.185211,0.091286,11246
/media/hemeng/2TB/MM/Sandia/adder_dcop_27/adder_dcop_27.mtx,0.185211,0.091286,11246
/media/hemeng/2TB/MM/Sandia/adder_dcop_28/adder_dcop_28.mtx,0.185211,0.091286,11246
/media/hemeng/2TB/MM/Sandia/adder_dcop_29/adder_dcop_29.mtx,0.185211,0.091286,11246
/media/hemeng/2TB/MM/Sandia/adder_dcop_30/adder_dcop_30.mtx,0.185211,0.091286,11246
/media/hemeng/2TB/MM/Sandia/adder_dcop_31/adder_dcop_31.mtx,0.185211,0.091286,11246
/media/hemeng/2TB/MM/Sandia/adder_dcop_32/adder_dcop_32.mtx,0.185211,0.091286,11246
/media/hemeng/2TB/MM/Sandia/adder_dcop_33/adder_dcop_33.mtx,0.185211,0.091286,11246
/media/hemeng/2TB/MM/Sandia/adder_dcop_34/adder_dcop_34.mtx,0.185211,0.091286,11246
/media/hemeng/2TB/MM/Sandia/adder_dcop_35/adder_dcop_35.mtx,0.185211,0.091286,11246
/media/hemeng/2TB/MM/Sandia/adder_dcop_36/adder_dcop_36.mtx,0.185211,0.091286,11246
/media/hemeng/2TB/MM/Sandia/adder_dcop_37/adder_dcop_37.mtx,0.185211,0.091286,11246
/media/hemeng/2TB/MM/Sandia/adder_dcop_38/adder_dcop_38.mtx,0.185211,0.091286,11246
/media/hemeng/2TB/MM/Sandia/adder_dcop_39/adder_dcop_39.mtx,0.185211,0.091286,11246
/media/hemeng/2TB/MM/Sandia/adder_dcop_40/adder_dcop_40.mtx,0.185211,0.091286,11246
/media/hemeng/2TB/MM/Sandia/adder_dcop_41/adder_dcop_41.mtx,0.185211,0.091286,11246
/media/hemeng/2TB/MM/Sandia/adder_dcop_42/adder_dcop_42.mtx,0.185211,0.091286,11246
/media/hemeng/2TB/MM/Sandia/adder_dcop_43/adder_dcop_43.mtx,0.185211,0.091286,11246
/media/hemeng/2TB/MM/Sandia/adder_dcop_45/adder_dcop_45.mtx,0.185211,0.091286,11246
/media/hemeng/2TB/MM/Sandia/adder_dcop_46/adder_dcop_46.mtx,0.185211,0.091286,11246
/media/hemeng/2TB/MM/Sandia/adder_dcop_47/adder_dcop_47.mtx,0.185211,0.091286,11246
/media/hemeng/2TB/MM/Sandia/adder_dcop_48/adder_dcop_48.mtx,0.185211,0.091286,11246
/media/hemeng/2TB/MM/Sandia/adder_dcop_49/adder_dcop_49.mtx,0.185211,0.091286,11246
/media/hemeng/2TB/MM/Sandia/adder_dcop_50/adder_dcop_50.mtx,0.185211,0.091286,11246
/media/hemeng/2TB/MM/Sandia/adder_dcop_51/adder_dcop_51.mtx,0.185211,0.091286,11246
/media/hemeng/2TB/MM/Sandia/adder_dcop_52/adder_dcop_52.mtx,0.185211,0.091286,11246
/media/hemeng/2TB/MM/Sandia/adder_dcop_53/adder_dcop_53.mtx,0.185211,0.091286,11246
/media/hemeng/2TB/MM/Sandia/adder_dcop_54/adder_dcop_54.mtx,0.185211,0.091286,11246
/media/hemeng/2TB/MM/Sandia/adder_dcop_55/adder_dcop_55.mtx,0.185211,0.091286,11246
/media/hemeng/2TB/MM/Sandia/adder_dcop_56/adder_dcop_56.mtx,0.185211,0.091286,11246
/media/hemeng/2TB/MM/Sandia/adder_dcop_57/adder_dcop_57.mtx,0.185211,0.091286,11246
/media/hemeng/2TB/MM/Sandia/adder_dcop_58/adder_dcop_58.mtx,0.185211,0.091286,11246
/media/hemeng/2TB/MM/Sandia/adder_dcop_59/adder_dcop_59.mtx,0.185211,0.091286,11246
/media/hemeng/2TB/MM/Sandia/adder_dcop_60/adder_dcop_60.mtx,0.185211,0.091286,11246
/media/hemeng/2TB/MM/Sandia/adder_dcop_61/adder_dcop_61.mtx,0.185211,0.091286,11246
/media/hemeng/2TB/MM/Sandia/adder_dcop_62/adder_dcop_62.mtx,0.185211,0.091286,11246
/media/hemeng/2TB/MM/Sandia/adder_dcop_63/adder_dcop_63.mtx,0.185211,0.091286,11246
/media/hemeng/2TB/MM/Sandia/adder_dcop_64/adder_dcop_64.mtx,0.185211,0.091286,11246
/media/hemeng/2TB/MM/Sandia/adder_dcop_65/adder_dcop_65.mtx,0.185211,0.091286,11246
/media/hemeng/2TB/MM/Sandia/adder_dcop_66/adder_dcop_66.mtx,0.185211,0.091286,11246
/media/hemeng/2TB/MM/Sandia/adder_dcop_67/adder_dcop_67.mtx,0.185211,0.091286,11246
/media/hemeng/2TB/MM/Sandia/adder_dcop_68/adder_dcop_68.mtx,0.185211,0.091286,11246
/media/hemeng/2TB/MM/Sandia/adder_dcop_69/adder_dcop_69.mtx,0.185211,0.091286,11246
/media/hemeng/2TB/MM/HB/watt_1/watt_1.mtx,0.121882,0.054184,11360
/media/hemeng/2TB/MM/Zitney/extr1b/extr1b.mtx,0.135106,0.061440,11404
/media/hemeng/2TB/MM/Zitney/extr1/extr1.mtx,0.135381,0.061531,11407
/media/hemeng/2TB/MM/HB/watt_2/watt_2.mtx,0.123847,0.054680,11550
/media/hemeng/2TB/MM/Fluorem/DK01R/DK01R.mtx,0.109142,0.019943,11766
/media/hemeng/2TB/MM/Bai/cryg2500/cryg2500.mtx,0.145698,0.067192,12349
/media/hemeng/2TB/MM/CPM/cz1268/cz1268.mtx,0.132387,0.037682,12786
/media/hemeng/2TB/MM/MathWorks/Pd/Pd.mtx,0.173529,0.089989,13036
/media/hemeng/2TB/MM/Zitney/radfr1/radfr1.mtx,0.128687,0.025703,13299
/media/hemeng/2TB/MM/JGD_CAG/CAG_mat364/CAG_mat364.mtx,0.136145,0.045021,13585
/media/hemeng/2TB/MM/MathWorks/Sieber/Sieber.mtx,0.108035,0.040367,14873
/media/hemeng/2TB/MM/LeGresley/LeGresley_2508/LeGresley_2508.mtx,0.203021,0.086662,16727
/media/hemeng/2TB/MM/Bai/rbsa480/rbsa480.mtx,0.173474,0.041962,17088
/media/hemeng/2TB/MM/Bai/rbsb480/rbsb480.mtx,0.173493,0.042038,17088
/media/hemeng/2TB/MM/Muite/Chebyshev2/Chebyshev2.mtx,0.177184,0.031204,18447
/media/hemeng/2TB/MM/Mallya/lhr01/lhr01.mtx,0.183208,0.043732,18592
/media/hemeng/2TB/MM/Brethour/coater1/coater1.mtx,0.202140,0.062386,19457
/media/hemeng/2TB/MM/Hollinger/g7jac010/g7jac010.mtx,0.253069,0.109726,19635
/media/hemeng/2TB/MM/Hollinger/g7jac010sc/g7jac010sc.mtx,0.253069,0.109726,19635
/media/hemeng/2TB/MM/Shyy/shyy41/shyy41.mtx,0.236419,0.111488,20042
/media/hemeng/2TB/MM/Bai/rw5151/rw5151.mtx,0.252670,0.136383,20199
/media/hemeng/2TB/MM/HB/sherman5/sherman5.mtx,0.228373,0.077354,20793
/media/hemeng/2TB/MM/Bomhof/circuit_2/circuit_2.mtx,0.267426,0.138580,21199
/media/hemeng/2TB/MM/Grund/bayer09/bayer09.mtx,0.227773,0.078949,21216
/media/hemeng/2TB/MM/TOKAMAK/utm1700b/utm1700b.mtx,0.213524,0.053970,21509
/media/hemeng/2TB/MM/Hamrle/Hamrle2/Hamrle2.mtx,0.253507,0.088760,22162
/media/hemeng/2TB/MM/HB/sherman2/sherman2.mtx,0.221789,0.043877,23094
/media/hemeng/2TB/MM/Nasa/barth4/barth4.mtx,0.284546,0.126801,23492
/media/hemeng/2TB/MM/Pothen/barth4/barth4.mtx,0.460534,0.163345,40965
/media/hemeng/2TB/MM/Nasa/barth4/barth4.mtx,0.284546,0.126801,23492
/media/hemeng/2TB/MM/Pothen/barth4/barth4.mtx,0.460534,0.163345,40965
/media/hemeng/2TB/MM/Zitney/hydr1/hydr1.mtx,0.282317,0.121185,23752
/media/hemeng/2TB/MM/Zitney/hydr1c/hydr1c.mtx,0.282317,0.121185,23752
/media/hemeng/2TB/MM/HB/mcfe/mcfe.mtx,0.231230,0.047356,24382
/media/hemeng/2TB/MM/Shen/shermanACa/shermanACa.mtx,0.411039,0.180466,25220
/media/hemeng/2TB/MM/HB/lns_3937/lns_3937.mtx,0.287507,0.142334,25407
/media/hemeng/2TB/MM/HB/lnsp3937/lnsp3937.mtx,0.277132,0.105904,25407
/media/hemeng/2TB/MM/CPM/cz2548/cz2548.mtx,0.268950,0.076904,25674
/media/hemeng/2TB/MM/Nasa/barth/barth.mtx,0.683980,0.334076,26439
/media/hemeng/2TB/MM/Pothen/barth/barth.mtx,1.235682,0.594322,46187
/media/hemeng/2TB/MM/Nasa/barth/barth.mtx,0.683980,0.334076,26439
/media/hemeng/2TB/MM/Pothen/barth/barth.mtx,1.235682,0.594322,46187
/media/hemeng/2TB/MM/Grund/bayer06/bayer06.mtx,0.284667,0.088905,27576
/media/hemeng/2TB/MM/Grund/bayer08/bayer08.mtx,0.284667,0.088905,27576
/media/hemeng/2TB/MM/Grund/bayer05/bayer05.mtx,0.288014,0.091080,27836
/media/hemeng/2TB/MM/Grund/bayer07/bayer07.mtx,0.288014,0.091080,27836
/media/hemeng/2TB/MM/Hohn/fd12/fd12.mtx,0.377425,0.211311,28462
/media/hemeng/2TB/MM/LeGresley/LeGresley_4908/LeGresley_4908.mtx,0.515971,0.264801,30482
/media/hemeng/2TB/MM/DRIVCAV/cavity05/cavity05.mtx,0.307909,0.050415,32747
/media/hemeng/2TB/MM/DRIVCAV/cavity06/cavity06.mtx,0.307119,0.047409,32747
/media/hemeng/2TB/MM/DRIVCAV/cavity07/cavity07.mtx,0.307909,0.050415,32747
/media/hemeng/2TB/MM/DRIVCAV/cavity08/cavity08.mtx,0.307119,0.047409,32747
/media/hemeng/2TB/MM/DRIVCAV/cavity09/cavity09.mtx,0.307909,0.050415,32747
/media/hemeng/2TB/MM/Grund/poli_large/poli_large.mtx,0.403361,0.168442,33074
/media/hemeng/2TB/MM/HB/gemat12/gemat12.mtx,0.459656,0.234207,33111
/media/hemeng/2TB/MM/HB/gemat11/gemat11.mtx,0.460471,0.234962,33185
/media/hemeng/2TB/MM/Rommes/bips98_606/bips98_606.mtx,0.472430,0.199509,34738
/media/hemeng/2TB/MM/Bomhof/circuit_1/circuit_1.mtx,0.394964,0.128578,35823
/media/hemeng/2TB/MM/Muite/Chebyshev3/Chebyshev3.mtx,0.354430,0.062454,36879
/media/hemeng/2TB/MM/Mallya/lhr02/lhr02.mtx,0.368231,0.089149,37206
/media/hemeng/2TB/MM/Grund/poli3/poli3.mtx,0.721665,0.349396,37849
/media/hemeng/2TB/MM/Hollinger/jan99jac020/jan99jac020.mtx,0.578143,0.276886,38692
/media/hemeng/2TB/MM/Hollinger/jan99jac020sc/jan99jac020sc.mtx,0.578143,0.276886,38692
/media/hemeng/2TB/MM/Rommes/bips98_1142/bips98_1142.mtx,0.555616,0.234047,40983
/media/hemeng/2TB/MM/HB/mbeause/mbeause.mtx,0.384764,0.051903,41063
/media/hemeng/2TB/MM/Bai/dw4096/dw4096.mtx,0.469254,0.220016,41746
/media/hemeng/2TB/MM/Bai/dw8192/dw8192.mtx,0.469254,0.220016,41746
/media/hemeng/2TB/MM/TOKAMAK/utm3060/utm3060.mtx,0.416618,0.102020,42211
/media/hemeng/2TB/MM/Rajat/rajat01/rajat01.mtx,0.515738,0.194511,43250
/media/hemeng/2TB/MM/Hohn/fd15/fd15.mtx,0.584153,0.327682,44206
/media/hemeng/2TB/MM/Rommes/bips98_1450/bips98_1450.mtx,0.601816,0.254700,44678
/media/hemeng/2TB/MM/Rommes/nopss_11k/nopss_11k.mtx,0.604613,0.258186,44941
/media/hemeng/2TB/MM/MathWorks/TS/TS.mtx,0.422423,0.066116,45262
/media/hemeng/2TB/MM/Hollinger/g7jac020/g7jac020.mtx,0.613459,0.271622,45465
/media/hemeng/2TB/MM/Hollinger/g7jac020sc/g7jac020sc.mtx,0.613459,0.271622,45465
/media/hemeng/2TB/MM/Bai/mhd1280a/mhd1280a.mtx,0.433694,0.049118,47906
/media/hemeng/2TB/MM/Bomhof/circuit_3/circuit_3.mtx,0.581311,0.260361,48137
/media/hemeng/2TB/MM/Rommes/xingo_afonso_itaipu/xingo_afonso_itaipu.mtx,0.620140,0.257133,48735
/media/hemeng/2TB/MM/Rommes/mimo46x46_system/mimo46x46_system.mtx,0.620140,0.257133,48735
/media/hemeng/2TB/MM/Rommes/ww_vref_6405/ww_vref_6405.mtx,0.650770,0.277290,48737
/media/hemeng/2TB/MM/Rommes/mimo28x28_system/mimo28x28_system.mtx,0.650770,0.277290,48737
/media/hemeng/2TB/MM/Rommes/zeros_nopss_13k/zeros_nopss_13k.mtx,0.623693,0.258720,48827
/media/hemeng/2TB/MM/Rommes/mimo8x8_system/mimo8x8_system.mtx,0.651826,0.277756,48872
/media/hemeng/2TB/MM/Rommes/bips07_1693/bips07_1693.mtx,0.656776,0.279884,49044
/media/hemeng/2TB/MM/Bai/cryg10000/cryg10000.mtx,0.587038,0.270187,49699
/media/hemeng/2TB/MM/HB/mbeacxc/mbeacxc.mtx,0.463573,0.062721,49920
/media/hemeng/2TB/MM/HB/mbeaflw/mbeaflw.mtx,0.463573,0.062721,49920
/media/hemeng/2TB/MM/CPM/cz5108/cz5108.mtx,0.539701,0.154648,51412
/media/hemeng/2TB/MM/Shen/shermanACd/shermanACd.mtx,0.824536,0.360718,53329
/media/hemeng/2TB/MM/TSOPF/TSOPF_RS_b9_c6/TSOPF_RS_b9_c6.mtx,0.555093,0.177704,54082
/media/hemeng/2TB/MM/Hollinger/mark3jac020/mark3jac020.mtx,0.831423,0.371925,56175
/media/hemeng/2TB/MM/Hollinger/mark3jac020sc/mark3jac020sc.mtx,0.831423,0.371925,56175
/media/hemeng/2TB/MM/Grund/bayer03/bayer03.mtx,0.597034,0.199989,56196
/media/hemeng/2TB/MM/Zitney/rdist2/rdist2.mtx,0.542825,0.094963,56934
/media/hemeng/2TB/MM/Grund/meg1/meg1.mtx,0.557721,0.096794,58142
/media/hemeng/2TB/MM/Quaglino/viscoplastic1/viscoplastic1.mtx,0.678056,0.294365,61166
/media/hemeng/2TB/MM/Nasa/barth5/barth5.mtx,0.967651,0.506668,61484
/media/hemeng/2TB/MM/Pothen/barth5/barth5.mtx,1.550874,0.788261,107362
/media/hemeng/2TB/MM/Nasa/barth5/barth5.mtx,0.967651,0.506668,61484
/media/hemeng/2TB/MM/Pothen/barth5/barth5.mtx,1.550874,0.788261,107362
/media/hemeng/2TB/MM/Zitney/rdist3a/rdist3a.mtx,0.572665,0.084297,61896
/media/hemeng/2TB/MM/Rommes/bips07_1998/bips07_1998.mtx,0.797772,0.329033,62198
/media/hemeng/2TB/MM/Hohn/fd18/fd18.mtx,0.832591,0.468422,63406
/media/hemeng/2TB/MM/Grund/bayer02/bayer02.mtx,0.778837,0.360939,63679
/media/hemeng/2TB/MM/Rommes/bips07_2476/bips07_2476.mtx,0.897500,0.380486,66498
/media/hemeng/2TB/MM/LiuWenzhuo/powersim/powersim.mtx,0.781060,0.293129,67562
/media/hemeng/2TB/MM/Bai/mhd3200a/mhd3200a.mtx,0.614696,0.069954,68026
/media/hemeng/2TB/MM/Grund/poli4/poli4.mtx,1.383462,0.679184,73249
/media/hemeng/2TB/MM/Rommes/descriptor_xingo6u/descriptor_xingo6u.mtx,0.982894,0.438316,73916
/media/hemeng/2TB/MM/Rommes/xingo3012/xingo3012.mtx,0.992942,0.443642,74386
/media/hemeng/2TB/MM/Rommes/bips07_3078/bips07_3078.mtx,0.965469,0.402000,75729
/media/hemeng/2TB/MM/DRIVCAV/cavity10/cavity10.mtx,0.719080,0.116173,76367
/media/hemeng/2TB/MM/DRIVCAV/cavity11/cavity11.mtx,0.717337,0.111000,76367
/media/hemeng/2TB/MM/DRIVCAV/cavity12/cavity12.mtx,0.719080,0.116173,76367
/media/hemeng/2TB/MM/DRIVCAV/cavity13/cavity13.mtx,0.717337,0.111000,76367
/media/hemeng/2TB/MM/DRIVCAV/cavity14/cavity14.mtx,0.719080,0.116173,76367
/media/hemeng/2TB/MM/DRIVCAV/cavity15/cavity15.mtx,0.717337,0.111000,76367
/media/hemeng/2TB/MM/Mallya/lhr04/lhr04.mtx,0.790520,0.151466,82682
/media/hemeng/2TB/MM/Mallya/lhr04c/lhr04c.mtx,0.790520,0.151466,82682
/media/hemeng/2TB/MM/Hollinger/jan99jac040/jan99jac040.mtx,1.280276,0.615410,82842
/media/hemeng/2TB/MM/Hollinger/jan99jac040sc/jan99jac040sc.mtx,1.280276,0.615410,82842
/media/hemeng/2TB/MM/TOKAMAK/utm5940/utm5940.mtx,0.825221,0.200500,83842
/media/hemeng/2TB/MM/HB/orani678/orani678.mtx,0.830016,0.118271,90158
/media/hemeng/2TB/MM/Zitney/rdist1/rdist1.mtx,0.880918,0.141258,94408
/media/hemeng/2TB/MM/Grund/bayer10/bayer10.mtx,1.039207,0.365410,94926
/media/hemeng/2TB/MM/Averous/epb1/epb1.mtx,1.042013,0.356239,95053
/media/hemeng/2TB/MM/Langemyr/comsol/comsol.mtx,1.146877,0.558487,97645
/media/hemeng/2TB/MM/Rajat/rajat27/rajat27.mtx,1.256199,0.518562,99777
/media/hemeng/2TB/MM/Bai/mhd4800a/mhd4800a.mtx,0.923909,0.105049,102252
/media/hemeng/2TB/MM/CPM/cz10228/cz10228.mtx,1.079082,0.308594,102876
/media/hemeng/2TB/MM/Hollinger/mark3jac040/mark3jac040.mtx,1.693680,0.759598,113435
/media/hemeng/2TB/MM/Hollinger/mark3jac040sc/mark3jac040sc.mtx,1.693680,0.759598,113435
/media/hemeng/2TB/MM/Hollinger/g7jac040/g7jac040.mtx,1.647125,0.750099,114671
/media/hemeng/2TB/MM/Hollinger/g7jac040sc/g7jac040sc.mtx,1.647125,0.750099,114671
/media/hemeng/2TB/MM/QCD/conf5_0-4x4-10/conf5_0-4x4-10.mtx,1.157252,0.260254,119808
/media/hemeng/2TB/MM/QCD/conf5_0-4x4-14/conf5_0-4x4-14.mtx,1.157252,0.260254,119808
/media/hemeng/2TB/MM/QCD/conf5_0-4x4-18/conf5_0-4x4-18.mtx,1.157252,0.260254,119808
/media/hemeng/2TB/MM/QCD/conf5_0-4x4-22/conf5_0-4x4-22.mtx,1.157252,0.260254,119808
/media/hemeng/2TB/MM/QCD/conf5_0-4x4-26/conf5_0-4x4-26.mtx,1.157252,0.260254,119808
/media/hemeng/2TB/MM/QCD/conf6_0-4x4-20/conf6_0-4x4-20.mtx,1.157252,0.260254,119808
/media/hemeng/2TB/MM/QCD/conf6_0-4x4-30/conf6_0-4x4-30.mtx,1.157252,0.260254,119808
/media/hemeng/2TB/MM/Hollinger/jan99jac060/jan99jac060.mtx,1.990094,0.957710,127182
/media/hemeng/2TB/MM/Hollinger/jan99jac060sc/jan99jac060sc.mtx,1.990094,0.957710,127182
/media/hemeng/2TB/MM/Simon/raefsky6/raefsky6.mtx,1.293553,0.199005,137845
/media/hemeng/2TB/MM/DRIVCAV/cavity16/cavity16.mtx,1.299746,0.206001,138187
/media/hemeng/2TB/MM/DRIVCAV/cavity17/cavity17.mtx,1.297529,0.197906,138187
/media/hemeng/2TB/MM/DRIVCAV/cavity18/cavity18.mtx,1.299746,0.206001,138187
/media/hemeng/2TB/MM/DRIVCAV/cavity19/cavity19.mtx,1.297529,0.197906,138187
/media/hemeng/2TB/MM/DRIVCAV/cavity20/cavity20.mtx,1.299746,0.206001,138187
/media/hemeng/2TB/MM/DRIVCAV/cavity21/cavity21.mtx,1.297529,0.197906,138187
/media/hemeng/2TB/MM/DRIVCAV/cavity22/cavity22.mtx,1.299746,0.206001,138187
/media/hemeng/2TB/MM/DRIVCAV/cavity23/cavity23.mtx,1.297529,0.197906,138187
/media/hemeng/2TB/MM/DRIVCAV/cavity24/cavity24.mtx,1.299746,0.206001,138187
/media/hemeng/2TB/MM/DRIVCAV/cavity25/cavity25.mtx,1.297529,0.197906,138187
/media/hemeng/2TB/MM/DRIVCAV/cavity26/cavity26.mtx,1.299746,0.206001,138187
/media/hemeng/2TB/MM/Rommes/juba40k/juba40k.mtx,1.917959,0.816444,144945
/media/hemeng/2TB/MM/Rommes/bauru5727/bauru5727.mtx,1.893795,0.800591,145019
/media/hemeng/2TB/MM/Shen/shermanACb/shermanACb.mtx,2.100463,0.874695,145149
/media/hemeng/2TB/MM/Mallya/lhr07/lhr07.mtx,1.491329,0.282349,156508
/media/hemeng/2TB/MM/Mallya/lhr07c/lhr07c.mtx,1.491329,0.282349,156508
/media/hemeng/2TB/MM/Hollinger/g7jac050sc/g7jac050sc.mtx,2.315257,1.067177,157990
/media/hemeng/2TB/MM/Grund/bayer04/bayer04.mtx,1.712017,0.586761,159082
/media/hemeng/2TB/MM/HVDC/hvdc1/hvdc1.mtx,1.952108,0.680397,159981
/media/hemeng/2TB/MM/Simon/raefsky5/raefsky5.mtx,1.577411,0.236679,168658
/media/hemeng/2TB/MM/Averous/epb2/epb2.mtx,1.903500,0.639297,175027
/media/hemeng/2TB/MM/JGD_CAG/CAG_mat1916/CAG_mat1916.mtx,2.081701,0.708069,195985
/media/hemeng/2TB/MM/Rajat/rajat22/rajat22.mtx,2.414471,0.934731,197264
/media/hemeng/2TB/MM/TSOPF/TSOPF_RS_b162_c1/TSOPF_RS_b162_c1.mtx,1.859316,0.265388,205399
/media/hemeng/2TB/MM/CPM/cz20468/cz20468.mtx,2.163546,0.619171,206076
/media/hemeng/2TB/MM/Brethour/coater2/coater2.mtx,2.075608,0.525589,207308
/media/hemeng/2TB/MM/Mallya/lhr10/lhr10.mtx,2.219255,0.418594,232633
/media/hemeng/2TB/MM/Mallya/lhr10c/lhr10c.mtx,2.219255,0.418594,232633
/media/hemeng/2TB/MM/Mallya/lhr11/lhr11.mtx,2.233132,0.425308,233741
/media/hemeng/2TB/MM/Mallya/lhr11c/lhr11c.mtx,2.233132,0.425308,233741
/media/hemeng/2TB/MM/TSOPF/TSOPF_RS_b39_c7/TSOPF_RS_b39_c7.mtx,2.411605,0.522980,252446
/media/hemeng/2TB/MM/Mallya/lhr14/lhr14.mtx,2.936233,0.558922,307858
/media/hemeng/2TB/MM/Mallya/lhr14c/lhr14c.mtx,2.936233,0.558922,307858
/media/hemeng/2TB/MM/Goodwin/goodwin/goodwin.mtx,3.046072,0.477036,324784
/media/hemeng/2TB/MM/Oberwolfach/inlet/inlet.mtx,3.061055,0.404510,328323
/media/hemeng/2TB/MM/Graham/graham1/graham1.mtx,3.178920,0.544731,335504
/media/hemeng/2TB/MM/ATandT/onetone1/onetone1.mtx,5.139924,2.700027,341088
/media/hemeng/2TB/MM/Hollinger/mark3jac120/mark3jac120.mtx,5.132496,2.302795,342475
/media/hemeng/2TB/MM/Hollinger/mark3jac120sc/mark3jac120sc.mtx,5.132496,2.302795,342475
/media/hemeng/2TB/MM/Quaglino/viscoplastic2/viscoplastic2.mtx,4.573017,2.049667,381326
/media/hemeng/2TB/MM/Mallya/lhr17/lhr17.mtx,3.646852,0.692001,381975
/media/hemeng/2TB/MM/Mallya/lhr17c/lhr17c.mtx,3.646852,0.692001,381975
/media/hemeng/2TB/MM/Hollinger/g7jac100/g7jac100.mtx,5.787154,2.714867,384636
/media/hemeng/2TB/MM/Hollinger/g7jac100sc/g7jac100sc.mtx,5.787154,2.714867,384636
/media/hemeng/2TB/MM/Bindel/ted_A/ted_A.mtx,3.847176,0.447617,424587
/media/hemeng/2TB/MM/Bindel/ted_A_unscaled/ted_A_unscaled.mtx,3.847176,0.447617,424587
/media/hemeng/2TB/MM/Fluorem/GT01R/GT01R.mtx,3.959085,0.541290,430909
/media/hemeng/2TB/MM/Schenk_IBMSDS/2D_27628_bjtcai/2D_27628_bjtcai.mtx,4.382795,1.013351,442898
/media/hemeng/2TB/MM/Hollinger/g7jac120/g7jac120.mtx,7.172195,3.370689,475296
/media/hemeng/2TB/MM/Hollinger/g7jac120sc/g7jac120sc.mtx,7.172195,3.370689,475296
/media/hemeng/2TB/MM/Bai/af23560/af23560.mtx,4.724589,1.161156,484256
/media/hemeng/2TB/MM/Rajat/rajat18/rajat18.mtx,6.219244,2.616653,485143
/media/hemeng/2TB/MM/Norris/lung2/lung2.mtx,5.540195,2.493126,492564
/media/hemeng/2TB/MM/VanVelzen/std1_Jac2_db/std1_Jac2_db.mtx,4.822702,0.984940,498771
/media/hemeng/2TB/MM/Hamm/hcircuit/hcircuit.mtx,6.052583,2.399643,513072
/media/hemeng/2TB/MM/Bindel/ted_AB/ted_AB.mtx,4.775940,0.652740,522387
/media/hemeng/2TB/MM/Bindel/ted_AB_unscaled/ted_AB_unscaled.mtx,4.775940,0.652740,522387
/media/hemeng/2TB/MM/VanVelzen/std1_Jac3_db/std1_Jac3_db.mtx,5.107484,0.992691,531826
/media/hemeng/2TB/MM/HB/psmigr_2/psmigr_2.mtx,5.873054,1.933578,540022
/media/hemeng/2TB/MM/HB/psmigr_1/psmigr_1.mtx,5.900043,1.933868,543162
/media/hemeng/2TB/MM/HB/psmigr_3/psmigr_3.mtx,5.900043,1.933868,543162
/media/hemeng/2TB/MM/Shen/e40r0100/e40r0100.mtx,5.421964,0.979988,553562
/media/hemeng/2TB/MM/Rajat/rajat23/rajat23.mtx,7.018494,2.756668,556938
/media/hemeng/2TB/MM/Hollinger/g7jac140/g7jac140.mtx,8.570047,4.035912,565956
/media/hemeng/2TB/MM/Hollinger/g7jac140sc/g7jac140sc.mtx,8.570047,4.035912,565956
/media/hemeng/2TB/MM/Hohn/sinc15/sinc15.mtx,6.559308,3.083054,568526
/media/hemeng/2TB/MM/LeGresley/LeGresley_87936/LeGresley_87936.mtx,8.929818,4.250427,593276
/media/hemeng/2TB/MM/Schenk_IBMSDS/3D_28984_Tetra/3D_28984_Tetra.mtx,6.004928,1.541321,599170
/media/hemeng/2TB/MM/Rajat/rajat20/rajat20.mtx,7.743008,2.997162,605045
/media/hemeng/2TB/MM/Rajat/rajat25/rajat25.mtx,7.791933,3.014145,607235
/media/hemeng/2TB/MM/Rajat/rajat28/rajat28.mtx,7.791933,3.014145,607235
/media/hemeng/2TB/MM/TSOPF/TSOPF_RS_b162_c3/TSOPF_RS_b162_c3.mtx,5.521872,0.762054,610299
/media/hemeng/2TB/MM/Rajat/rajat16/rajat16.mtx,8.193989,3.188141,641159
/media/hemeng/2TB/MM/Rajat/rajat17/rajat17.mtx,8.193989,3.188141,641159
/media/hemeng/2TB/MM/Hollinger/g7jac160/g7jac160.mtx,9.955839,4.691116,656616
/media/hemeng/2TB/MM/Hollinger/g7jac160sc/g7jac160sc.mtx,9.955839,4.691116,656616
/media/hemeng/2TB/MM/VanVelzen/Zd_Jac6_db/Zd_Jac6_db.mtx,6.428550,1.411179,663643
/media/hemeng/2TB/MM/VanVelzen/Zd_Jac2_db/Zd_Jac2_db.mtx,6.567300,1.475990,676439
/media/hemeng/2TB/MM/Andrianov/ex3sta1/ex3sta1.mtx,7.383172,2.853279,678998
/media/hemeng/2TB/MM/Andrianov/ex3sta1/ex3sta1.mtx,7.383172,2.853279,678998
/media/hemeng/2TB/MM/TSOPF/TSOPF_RS_b39_c19/TSOPF_RS_b39_c19.mtx,6.535895,1.415619,684206
/media/hemeng/2TB/MM/VanVelzen/Zd_Jac3_db/Zd_Jac3_db.mtx,6.892726,1.495529,713907
/media/hemeng/2TB/MM/Andrianov/pf2177/pf2177.mtx,10.511807,5.769051,725144
/media/hemeng/2TB/MM/Andrianov/pf2177/pf2177.mtx,10.511807,5.769051,725144
/media/hemeng/2TB/MM/Hollinger/g7jac180/g7jac180.mtx,11.344415,5.351776,747276
/media/hemeng/2TB/MM/Hollinger/g7jac180sc/g7jac180sc.mtx,11.344415,5.351776,747276
/media/hemeng/2TB/MM/Mallya/lhr34/lhr34.mtx,7.294385,1.384239,764014
/media/hemeng/2TB/MM/Mallya/lhr34c/lhr34c.mtx,7.294385,1.384239,764014
/media/hemeng/2TB/MM/IBM_EDA/dc1/dc1.mtx,9.342410,4.041565,766396
/media/hemeng/2TB/MM/IBM_EDA/dc2/dc2.mtx,9.342410,4.041565,766396
/media/hemeng/2TB/MM/IBM_EDA/dc3/dc3.mtx,9.342410,4.041565,766396
/media/hemeng/2TB/MM/IBM_EDA/trans4/trans4.mtx,9.342410,4.041565,766396
/media/hemeng/2TB/MM/IBM_EDA/trans5/trans5.mtx,9.342410,4.041565,766396
/media/hemeng/2TB/MM/JGD_Homology/m133-b3/m133-b3.mtx,13.395804,7.209023,800800
/media/hemeng/2TB/MM/JGD_Homology/shar_te2-b3/shar_te2-b3.mtx,13.397361,7.099014,800800
/media/hemeng/2TB/MM/Chevron/Chevron2/Chevron2.mtx,8.391120,2.603760,803173
/media/hemeng/2TB/MM/TSOPF/TSOPF_RS_b162_c4/TSOPF_RS_b162_c4.mtx,7.349323,1.011284,812749
/media/hemeng/2TB/MM/Hollinger/g7jac200/g7jac200.mtx,12.729456,6.007599,837936
/media/hemeng/2TB/MM/Hollinger/g7jac200sc/g7jac200sc.mtx,12.729456,6.007599,837936
/media/hemeng/2TB/MM/JGD_Homology/ch7-8-b5/ch7-8-b5.mtx,11.544766,6.384354,846720
/media/hemeng/2TB/MM/MKS/fp/fp.mtx,8.047503,1.476265,848553
/media/hemeng/2TB/MM/Kim/kim1/kim1.mtx,9.064716,1.992950,933195
/media/hemeng/2TB/MM/Hamm/scircuit/scircuit.mtx,13.139485,5.281288,958936
/media/hemeng/2TB/MM/Freescale/transient/transient.mtx,13.026681,5.876274,961790
/media/hemeng/2TB/MM/Hohn/sinc18/sinc18.mtx,11.233891,5.278511,973826
/media/hemeng/2TB/MM/Schenk_IBMSDS/2D_54019_highK/2D_54019_highK.mtx,9.813861,2.151161,996414
/media/hemeng/2TB/MM/Goodwin/rim/rim.mtx,9.527794,1.490906,1014951
/media/hemeng/2TB/MM/Norris/torso2/torso2.mtx,11.156838,3.557281,1033473
/media/hemeng/2TB/MM/Schenk_IBMSDS/3D_51448_3D/3D_51448_3D.mtx,10.577912,2.707565,1056610
/media/hemeng/2TB/MM/Schenk_IBMSDS/ibm_matrix_2/ibm_matrix_2.mtx,10.577912,2.707565,1056610
/media/hemeng/2TB/MM/TSOPF/TSOPF_RS_b39_c30/TSOPF_RS_b39_c30.mtx,10.274261,2.219856,1079986
/media/hemeng/2TB/MM/ATandT/twotone/twotone.mtx,16.364900,8.385162,1224224
/media/hemeng/2TB/MM/VanVelzen/std1_Jac2/std1_Jac2.mtx,12.041965,2.183777,1248731
/media/hemeng/2TB/MM/Williams/mac_econ_fwd500/mac_econ_fwd500.mtx,19.255549,8.925354,1273389
/media/hemeng/2TB/MM/Rajat/Raj1/Raj1.mtx,17.397699,7.443138,1302464
/media/hemeng/2TB/MM/HVDC/hvdc2/hvdc2.mtx,15.604210,5.103134,1347273
/media/hemeng/2TB/MM/VanVelzen/std1_Jac3/std1_Jac3.mtx,13.855561,2.326942,1455848
/media/hemeng/2TB/MM/TSOPF/TSOPF_RS_b300_c1/TSOPF_RS_b300_c1.mtx,12.669302,1.192612,1474325
/media/hemeng/2TB/MM/Mallya/lhr71/lhr71.mtx,14.589690,2.769058,1528092
/media/hemeng/2TB/MM/Mallya/lhr71c/lhr71c.mtx,14.589690,2.769058,1528092
/media/hemeng/2TB/MM/VanVelzen/Zd_Jac2/Zd_Jac2.mtx,15.689766,2.705742,1642833
/media/hemeng/2TB/MM/Vavasis/av41092/av41092.mtx,17.964837,4.396408,1683902
/media/hemeng/2TB/MM/VanVelzen/Zd_Jac6/Zd_Jac6.mtx,16.241604,2.705177,1711983
/media/hemeng/2TB/MM/QLi/crashbasis/crashbasis.mtx,18.731486,7.208313,1750416
/media/hemeng/2TB/MM/QLi/majorbasis/majorbasis.mtx,18.731486,7.208313,1750416
/media/hemeng/2TB/MM/Simon/bbmat/bbmat.mtx,16.512918,2.707771,1771722
/media/hemeng/2TB/MM/POLYFLOW/invextr1_new/invextr1_new.mtx,18.929312,5.577911,1793881
/media/hemeng/2TB/MM/Rajat/rajat21/rajat21.mtx,24.050607,10.206856,1893370
/media/hemeng/2TB/MM/VanVelzen/Zd_Jac3/Zd_Jac3.mtx,18.025525,2.874573,1916152
/media/hemeng/2TB/MM/QCD/conf5_4-8x8-05/conf5_4-8x8-05.mtx,18.562526,4.179688,1916928
/media/hemeng/2TB/MM/QCD/conf5_4-8x8-10/conf5_4-8x8-10.mtx,18.562526,4.179688,1916928
/media/hemeng/2TB/MM/QCD/conf5_4-8x8-15/conf5_4-8x8-15.mtx,18.562526,4.179688,1916928
/media/hemeng/2TB/MM/QCD/conf5_4-8x8-20/conf5_4-8x8-20.mtx,18.562526,4.179688,1916928
/media/hemeng/2TB/MM/QCD/conf6_0-8x8-20/conf6_0-8x8-20.mtx,18.562526,4.179688,1916928
/media/hemeng/2TB/MM/QCD/conf6_0-8x8-30/conf6_0-8x8-30.mtx,18.562526,4.179688,1916928
/media/hemeng/2TB/MM/QCD/conf6_0-8x8-80/conf6_0-8x8-80.mtx,18.562526,4.179688,1916928
/media/hemeng/2TB/MM/Rajat/rajat24/rajat24.mtx,24.970430,10.039795,1948235
/media/hemeng/2TB/MM/Rudnyi/water_tank/water_tank.mtx,20.364212,5.202461,2035281
/media/hemeng/2TB/MM/Williams/mc2depi/mc2depi.mtx,24.967552,13.527138,2100225
/media/hemeng/2TB/MM/Schenk_IBMSDS/matrix_9/matrix_9.mtx,20.913987,5.135536,2121550
/media/hemeng/2TB/MM/Schenk_IBMSDS/matrix-new_3/matrix-new_3.mtx,26.848261,6.729767,2678750
/media/hemeng/2TB/MM/TSOPF/TSOPF_RS_b300_c2/TSOPF_RS_b300_c2.mtx,25.308826,2.358902,2943887
/media/hemeng/2TB/MM/Norris/stomach/stomach.mtx,34.253032,13.835114,3021648
/media/hemeng/2TB/MM/Chevron/Chevron3/Chevron3.mtx,35.641902,11.047562,3413113
/media/hemeng/2TB/MM/Raju/laminar_duct3D/laminar_duct3D.mtx,36.407449,6.656288,3833077
/media/hemeng/2TB/MM/Meng/iChem_Jacobian/iChem_Jacobian.mtx,47.068330,19.094765,4137369
/media/hemeng/2TB/MM/TSOPF/TSOPF_RS_b678_c1/TSOPF_RS_b678_c1.mtx,37.040220,2.853355,4396289
/media/hemeng/2TB/MM/TSOPF/TSOPF_RS_b300_c3/TSOPF_RS_b300_c3.mtx,37.917103,3.524025,4413449
/media/hemeng/2TB/MM/Norris/torso3/torso3.mtx,49.694264,19.877464,4429042
/media/hemeng/2TB/MM/CEMW/t2em/t2em.mtx,51.645080,24.022049,4590832
/media/hemeng/2TB/MM/Rajat/rajat29/rajat29.mtx,60.969297,25.728401,4866270
/media/hemeng/2TB/MM/Muite/Chebyshev4/Chebyshev4.mtx,51.124881,8.976898,5377761
/media/hemeng/2TB/MM/Hamrle/Hamrle3/Hamrle3.mtx,64.183064,23.111183,5514242
/media/hemeng/2TB/MM/ATandT/pre2/pre2.mtx,76.733113,38.978645,5959282
/media/hemeng/2TB/MM/Rajat/rajat30/rajat30.mtx,77.456576,29.989769,6175377
/media/hemeng/2TB/MM/Chevron/Chevron4/Chevron4.mtx,66.573484,20.628052,6376412
/media/hemeng/2TB/MM/TSOPF/TSOPF_RS_b2052_c1/TSOPF_RS_b2052_c1.mtx,56.888755,4.192741,6761100
/media/hemeng/2TB/MM/Fluorem/PR02R/PR02R.mtx,76.531974,12.607857,8185136
/media/hemeng/2TB/MM/Norris/torso1/torso1.mtx,74.195954,7.620377,8516500
/media/hemeng/2TB/MM/TSOPF/TSOPF_RS_b678_c2/TSOPF_RS_b678_c2.mtx,74.007219,5.635719,8781949
/media/hemeng/2TB/MM/Kim/kim2/kim2.mtx,109.932200,24.040611,11330020
/media/hemeng/2TB/MM/TSOPF/TSOPF_RS_b2383/TSOPF_RS_b2383.mtx,135.639992,9.604607,16171169
/media/hemeng/2TB/MM/TSOPF/TSOPF_RS_b2383_c1/TSOPF_RS_b2383_c1.mtx,135.639992,9.604607,16171169
/media/hemeng/2TB/MM/Fluorem/RM07R/RM07R.mtx,358.569755,60.389847,37464962
/media/hemeng/2TB/MM/JGD_Margulies/wheel_7_1/wheel_7_1.mtx,0.004469,0.002243,338
/media/hemeng/2TB/MM/JGD_Margulies/cat_ears_3_1/cat_ears_3_1.mtx,0.007560,0.003906,542
/media/hemeng/2TB/MM/JGD_Margulies/flower_5_1/flower_5_1.mtx,0.009044,0.004616,602
/media/hemeng/2TB/MM/JGD_Forest/TF10/TF10.mtx,0.006358,0.002251,622
/media/hemeng/2TB/MM/HB/gent113/gent113.mtx,0.006816,0.001938,655
/media/hemeng/2TB/MM/HB/will199/will199.mtx,0.008648,0.005211,701
/media/hemeng/2TB/MM/Morandini/rotor1/rotor1.mtx,0.006955,0.001793,708
/media/hemeng/2TB/MM/JGD_Homology/mk9-b1/mk9-b1.mtx,0.000810,0.000488,756
/media/hemeng/2TB/MM/JGD_Homology/n3c5-b3/n3c5-b3.mtx,0.005200,0.002609,840
/media/hemeng/2TB/MM/Zhao/Zhao1/Zhao1.mtx,2.108926,1.253105,166453
/media/hemeng/2TB/MM/Zhao/Zhao2/Zhao2.mtx,2.108926,1.253105,166453
/media/hemeng/2TB/MM/Hollinger/mark3jac060/mark3jac060.mtx,2.550831,1.143524,170695
/media/hemeng/2TB/MM/Hollinger/mark3jac060sc/mark3jac060sc.mtx,2.550831,1.143524,170695
/media/hemeng/2TB/MM/Hollinger/jan99jac080/jan99jac080.mtx,2.698524,1.299118,171522
/media/hemeng/2TB/MM/Hollinger/jan99jac080sc/jan99jac080sc.mtx,2.698524,1.299118,171522
/media/hemeng/2TB/MM/Szczerba/Ill_Stokes/Ill_Stokes.mtx,5.432075,2.557976,191368
/media/hemeng/2TB/MM/Sandia/mult_dcop_03/mult_dcop_03.mtx,3.786022,1.694023,193216
/media/hemeng/2TB/MM/Sandia/mult_dcop_01/mult_dcop_01.mtx,3.787428,1.694649,193276
/media/hemeng/2TB/MM/Sandia/mult_dcop_02/mult_dcop_02.mtx,3.787428,1.694649,193276
/media/hemeng/2TB/MM/Hollinger/g7jac060/g7jac060.mtx,3.012787,1.399002,203316
/media/hemeng/2TB/MM/Hollinger/g7jac060sc/g7jac060sc.mtx,3.012787,1.399002,203316
/media/hemeng/2TB/MM/Hollinger/jan99jac100/jan99jac100.mtx,3.408341,1.641418,215862
/media/hemeng/2TB/MM/Hollinger/jan99jac100sc/jan99jac100sc.mtx,3.408341,1.641418,215862
/media/hemeng/2TB/MM/ATandT/onetone2/onetone2.mtx,3.081452,1.574738,227628
/media/hemeng/2TB/MM/Hollinger/mark3jac080/mark3jac080.mtx,3.413088,1.531197,227955
/media/hemeng/2TB/MM/Hollinger/mark3jac080sc/mark3jac080sc.mtx,3.413088,1.531197,227955
/media/hemeng/2TB/MM/Rajat/rajat26/rajat26.mtx,3.141458,1.248650,249302
/media/hemeng/2TB/MM/Engwirda/airfoil_2d/airfoil_2d.mtx,3.394438,1.521950,259688
/media/hemeng/2TB/MM/Hollinger/jan99jac120/jan99jac120.mtx,4.116771,1.982826,260202
/media/hemeng/2TB/MM/Hollinger/jan99jac120sc/jan99jac120sc.mtx,4.116771,1.982826,260202
/media/hemeng/2TB/MM/Grund/bayer01/bayer01.mtx,3.347518,1.500221,277774
/media/hemeng/2TB/MM/Hollinger/mark3jac100/mark3jac100.mtx,4.270239,1.915123,285215
/media/hemeng/2TB/MM/Hollinger/mark3jac100sc/mark3jac100sc.mtx,4.270239,1.915123,285215
/media/hemeng/2TB/MM/Hollinger/g7jac080/g7jac080.mtx,4.398579,2.054207,293976
/media/hemeng/2TB/MM/Hollinger/g7jac080sc/g7jac080sc.mtx,4.398579,2.054207,293976
/media/hemeng/2TB/MM/Hohn/sinc12/sinc12.mtx,3.334956,1.579483,294986
/media/hemeng/2TB/MM/Bomhof/circuit_4/circuit_4.mtx,4.130756,1.674782,307604
/media/hemeng/2TB/MM/Shyy/shyy161/shyy161.mtx,3.787744,1.797516,329762
/media/hemeng/2TB/MM/Chevron/Chevron1/Chevron1.mtx,3.455981,1.073769,330633
/media/hemeng/2TB/MM/IBM_EDA/ckt11752_dc_1/ckt11752_dc_1.mtx,4.114965,1.594048,333029
/media/hemeng/2TB/MM/IBM_EDA/ckt11752_tr_0/ckt11752_tr_0.mtx,4.114965,1.594048,333029
/media/hemeng/2TB/MM/Lee/fem_hifreq_circuit/fem_hifreq_circuit.mtx,218.344522,57.300423,20239237
/media/hemeng/2TB/MM/Freescale/Freescale2/Freescale2.mtx,373.243400,165.795586,23042677
/media/hemeng/2TB/MM/JGD_Homology/klein-b2/klein-b2.mtx,0.000535,0.000206,60
/media/hemeng/2TB/MM/JGD_Margulies/wheel_3_1/wheel_3_1.mtx,0.000616,0.000221,74
/media/hemeng/2TB/MM/Hamrle/Hamrle1/Hamrle1.mtx,0.001042,0.000336,98
/media/hemeng/2TB/MM/JGD_Margulies/wheel_4_1/wheel_4_1.mtx,0.001203,0.000534,122
/media/hemeng/2TB/MM/Grund/d_ss/d_ss.mtx,0.001567,0.000626,149
/media/hemeng/2TB/MM/HB/pores_1/pores_1.mtx,0.000949,0.000214,180
/media/hemeng/2TB/MM/JGD_Margulies/wheel_5_1/wheel_5_1.mtx,0.001790,0.000854,182
/media/hemeng/2TB/MM/JGD_Homology/n3c6-b1/n3c6-b1.mtx,0.002017,0.000778,210
/media/hemeng/2TB/MM/Grund/d_dyn/d_dyn.mtx,0.002724,0.001213,238
/media/hemeng/2TB/MM/Grund/d_dyn1/d_dyn1.mtx,0.002724,0.001213,238
/media/hemeng/2TB/MM/JGD_Margulies/cat_ears_2_1/cat_ears_2_1.mtx,0.003137,0.001541,254
/media/hemeng/2TB/MM/JGD_Margulies/wheel_6_1/wheel_6_1.mtx,0.003050,0.001534,254
/media/hemeng/2TB/MM/HB/will57/will57.mtx,0.002413,0.000595,281
/media/hemeng/2TB/MM/JGD_Homology/ch4-4-b2/ch4-4-b2.mtx,0.002297,0.001091,288
/media/hemeng/2TB/MM/HB/curtis54/curtis54.mtx,0.002690,0.000626,291
/media/hemeng/2TB/MM/HB/west0067/west0067.mtx,0.003014,0.001053,294
/media/hemeng/2TB/MM/MathWorks/pivtol/pivtol.mtx,0.003130,0.000961,306
/media/hemeng/2TB/MM/HB/impcol_b/impcol_b.mtx,0.002543,0.000824,312
/media/hemeng/2TB/MM/JGD_Homology/n3c5-b2/n3c5-b2.mtx,0.001086,0.000496,360
/media/hemeng/2TB/MM/HB/west0156/west0156.mtx,0.004505,0.002113,371
/media/hemeng/2TB/MM/Bai/olm100/olm100.mtx,0.003921,0.000946,396
/media/hemeng/2TB/MM/JGD_Homology/ch5-5-b1/ch5-5-b1.mtx,0.000396,0.000198,400
/media/hemeng/2TB/MM/HB/impcol_c/impcol_c.mtx,0.004411,0.002052,411
/media/hemeng/2TB/MM/HB/west0132/west0132.mtx,0.004595,0.001976,414
/media/hemeng/2TB/MM/JGD_Homology/cis-n4c6-b1/cis-n4c6-b1.mtx,0.000403,0.000229,420
/media/hemeng/2TB/MM/JGD_Homology/n4c6-b1/n4c6-b1.mtx,0.000403,0.000229,420
/media/hemeng/2TB/MM/HB/ash219/ash219.mtx,0.001895,0.000900,438
/media/hemeng/2TB/MM/Bai/bfwa62/bfwa62.mtx,0.003755,0.001038,450
/media/hemeng/2TB/MM/Bai/rw136/rw136.mtx,0.005070,0.002365,479
/media/hemeng/2TB/MM/HB/west0167/west0167.mtx,0.005588,0.002342,507
/media/hemeng/2TB/MM/HB/lns_131/lns_131.mtx,0.006037,0.002388,536
/media/hemeng/2TB/MM/HB/lnsp_131/lnsp_131.mtx,0.005963,0.002495,536
/media/hemeng/2TB/MM/HB/impcol_a/impcol_a.mtx,0.006104,0.002632,572
/media/hemeng/2TB/MM/JGD_SPG/08blocks/08blocks.mtx,0.006477,0.002693,592
/media/hemeng/2TB/MM/HB/ash331/ash331.mtx,0.002206,0.001030,662
/media/hemeng/2TB/MM/Rajat/rajat11/rajat11.mtx,0.008307,0.001968,812
/media/hemeng/2TB/MM/Bai/lop163/lop163.mtx,0.009315,0.002899,935
/media/hemeng/2TB/MM/Bai/odepa400/odepa400.mtx,0.012980,0.003990,1201
/media/hemeng/2TB/MM/Bai/tols90/tols90.mtx,0.015725,0.001785,1746
/media/hemeng/2TB/MM/Bai/olm500/olm500.mtx,0.020324,0.004951,1996
/media/hemeng/2TB/MM/Bai/olm1000/olm1000.mtx,0.040664,0.009918,3996
/media/hemeng/2TB/MM/Bai/olm2000/olm2000.mtx,0.081958,0.019997,7996
/media/hemeng/2TB/MM/Bai/olm5000/olm5000.mtx,0.204696,0.049973,19996
/media/hemeng/2TB/MM/HB/494_bus/494_bus.mtx,0.027537,0.012695,1666
/media/hemeng/2TB/MM/Pothen/mesh3e1/mesh3e1.mtx,0.020492,0.007477,1889
/media/hemeng/2TB/MM/Pothen/mesh3em5/mesh3em5.mtx,0.020492,0.007477,1889
/media/hemeng/2TB/MM/Pothen/mesh2e1/mesh2e1.mtx,0.022614,0.008339,2018
/media/hemeng/2TB/MM/Pothen/mesh2em5/mesh2em5.mtx,0.022614,0.008339,2018
/media/hemeng/2TB/MM/JGD_Trefethen/Trefethen_150/Trefethen_150.mtx,0.019888,0.006889,2040
/media/hemeng/2TB/MM/Bai/mhdb416/mhdb416.mtx,0.023786,0.008888,2312
/media/hemeng/2TB/MM/HB/bcsstk05/bcsstk05.mtx,0.021482,0.003395,2423
/media/hemeng/2TB/MM/HB/lund_a/lund_a.mtx,0.022689,0.003937,2449
/media/hemeng/2TB/MM/HB/662_bus/662_bus.mtx,0.037846,0.019722,2474
/media/hemeng/2TB/MM/JGD_Trefethen/Trefethen_200b/Trefethen_200b.mtx,0.028396,0.010422,2873
/media/hemeng/2TB/MM/JGD_Trefethen/Trefethen_200/Trefethen_200.mtx,0.028446,0.010452,2890
/media/hemeng/2TB/MM/HB/bcsstk20/bcsstk20.mtx,0.030843,0.008362,3135
/media/hemeng/2TB/MM/HB/685_bus/685_bus.mtx,0.039141,0.016502,3249
/media/hemeng/2TB/MM/HB/nos6/nos6.mtx,0.035966,0.016556,3255
/media/hemeng/2TB/MM/HB/bcsstk04/bcsstk04.mtx,0.032778,0.004448,3648
/media/hemeng/2TB/MM/HB/1138_bus/1138_bus.mtx,0.055882,0.025391,4054
/media/hemeng/2TB/MM/HB/bcsstk02/bcsstk02.mtx,0.035411,0.002594,4356
/media/hemeng/2TB/MM/HB/nos7/nos7.mtx,0.051417,0.023170,4617
/media/hemeng/2TB/MM/JGD_Trefethen/Trefethen_300/Trefethen_300.mtx,0.046432,0.018166,4678
/media/hemeng/2TB/MM/HB/nos5/nos5.mtx,0.053788,0.018539,5172
/media/hemeng/2TB/MM/HB/plat362/plat362.mtx,0.056591,0.016411,5786
/media/hemeng/2TB/MM/HB/bcsstk19/bcsstk19.mtx,0.069262,0.015846,6853
/media/hemeng/2TB/MM/HB/bcsstm07/bcsstm07.mtx,0.069117,0.013580,7252
/media/hemeng/2TB/MM/Bates/Chem97ZtZ/Chem97ZtZ.mtx,0.079531,0.042778,7361
/media/hemeng/2TB/MM/HB/gr_30_30/gr_30_30.mtx,0.078448,0.024559,7744
/media/hemeng/2TB/MM/HB/bcsstk06/bcsstk06.mtx,0.074338,0.013626,7860
/media/hemeng/2TB/MM/HB/bcsstk07/bcsstk07.mtx,0.074338,0.013626,7860
/media/hemeng/2TB/MM/JGD_Trefethen/Trefethen_500/Trefethen_500.mtx,0.087593,0.036438,8478
/media/hemeng/2TB/MM/JGD_Trefethen/Trefethen_700/Trefethen_700.mtx,0.130791,0.056786,12654
/media/hemeng/2TB/MM/HB/bcsstk08/bcsstk08.mtx,0.143750,0.052177,12960
/media/hemeng/2TB/MM/HB/nos3/nos3.mtx,0.151488,0.028580,15844
/media/hemeng/2TB/MM/Bai/mhd3200b/mhd3200b.mtx,0.188031,0.069954,18316
/media/hemeng/2TB/MM/HB/bcsstk09/bcsstk09.mtx,0.176546,0.037888,18437
/media/hemeng/2TB/MM/HB/bcsstm12/bcsstm12.mtx,0.196671,0.050789,19659
/media/hemeng/2TB/MM/Boeing/bcsstk34/bcsstk34.mtx,0.196456,0.032486,21418
/media/hemeng/2TB/MM/HB/bcsstk10/bcsstk10.mtx,0.207952,0.042068,22070
/media/hemeng/2TB/MM/FIDAP/ex33/ex33.mtx,0.222605,0.060188,22189
/media/hemeng/2TB/MM/Bai/mhd1280b/mhd1280b.mtx,0.207688,0.027603,22778
/media/hemeng/2TB/MM/HB/bcsstk21/bcsstk21.mtx,0.290782,0.119209,26600
/media/hemeng/2TB/MM/Bai/mhd4800b/mhd4800b.mtx,0.282479,0.105049,27520
/media/hemeng/2TB/MM/Boeing/msc01050/msc01050.mtx,0.278328,0.064560,29156
/media/hemeng/2TB/MM/HB/bcsstk26/bcsstk26.mtx,0.296315,0.066452,30336
/media/hemeng/2TB/MM/TKK/plbuckle/plbuckle.mtx,0.289063,0.054291,30644
/media/hemeng/2TB/MM/HB/plat1919/plat1919.mtx,0.340695,0.121284,32399
/media/hemeng/2TB/MM/HB/bcsstk11/bcsstk11.mtx,0.323158,0.053696,34241
/media/hemeng/2TB/MM/HB/bcsstk12/bcsstk12.mtx,0.323158,0.053696,34241
/media/hemeng/2TB/MM/Boeing/msc00726/msc00726.mtx,0.324441,0.062233,34518
/media/hemeng/2TB/MM/Nasa/nasa1824/nasa1824.mtx,0.380656,0.084213,39208
/media/hemeng/2TB/MM/Boeing/nasa1824/nasa1824.mtx,0.380656,0.084213,39208
/media/hemeng/2TB/MM/Nasa/nasa1824/nasa1824.mtx,0.380656,0.084213,39208
/media/hemeng/2TB/MM/Boeing/nasa1824/nasa1824.mtx,0.380656,0.084213,39208
/media/hemeng/2TB/MM/JGD_Trefethen/Trefethen_2000/Trefethen_2000.mtx,0.446755,0.210243,41906
/media/hemeng/2TB/MM/HB/bcsstk23/bcsstk23.mtx,0.464983,0.143379,45178
/media/hemeng/2TB/MM/Boeing/msc01440/msc01440.mtx,0.447881,0.086517,46270
/media/hemeng/2TB/MM/FIDAP/ex3/ex3.mtx,0.492307,0.076584,52685
/media/hemeng/2TB/MM/FIDAP/ex10/ex10.mtx,0.528180,0.116211,54840
/media/hemeng/2TB/MM/HB/bcsstk27/bcsstk27.mtx,0.505886,0.057899,56126
/media/hemeng/2TB/MM/FIDAP/ex10hs/ex10hs.mtx,0.553540,0.117073,57308
/media/hemeng/2TB/MM/HB/bcsstk14/bcsstk14.mtx,0.589121,0.089684,63454
/media/hemeng/2TB/MM/GHS_indef/bloweybq/bloweybq.mtx,0.718616,0.200089,69991
/media/hemeng/2TB/MM/Nasa/nasa2146/nasa2146.mtx,0.664382,0.089729,72250
/media/hemeng/2TB/MM/Cannizzo/sts4098/sts4098.mtx,0.762125,0.235054,72356
/media/hemeng/2TB/MM/FIDAP/ex13/ex13.mtx,0.705131,0.106125,75628
/media/hemeng/2TB/MM/HB/bcsstk13/bcsstk13.mtx,0.799103,0.144188,83883
/media/hemeng/2TB/MM/Norris/fv1/fv1.mtx,0.890204,0.276642,85264
/media/hemeng/2TB/MM/Norris/fv2/fv2.mtx,0.908615,0.282616,87025
/media/hemeng/2TB/MM/Norris/fv3/fv3.mtx,0.908615,0.282616,87025
/media/hemeng/2TB/MM/Boeing/msc04515/msc04515.mtx,0.933866,0.188904,97707
/media/hemeng/2TB/MM/FIDAP/ex15/ex15.mtx,0.990042,0.247528,98671
/media/hemeng/2TB/MM/FIDAP/ex9/ex9.mtx,0.923014,0.133423,99471
/media/hemeng/2TB/MM/Nasa/nasa4704/nasa4704.mtx,1.018043,0.232559,104756
/media/hemeng/2TB/MM/Boeing/nasa4704/nasa4704.mtx,1.018043,0.232559,104756
/media/hemeng/2TB/MM/Nasa/nasa4704/nasa4704.mtx,1.018043,0.232559,104756
/media/hemeng/2TB/MM/Boeing/nasa4704/nasa4704.mtx,1.018043,0.232559,104756
/media/hemeng/2TB/MM/Boeing/crystm01/crystm01.mtx,1.114542,0.418129,105339
/media/hemeng/2TB/MM/HB/bcsstk15/bcsstk15.mtx,1.133658,0.237213,117816
/media/hemeng/2TB/MM/Pothen/bodyy4/bodyy4.mtx,1.343491,0.495834,121938
/media/hemeng/2TB/MM/Okunbor/aft01/aft01.mtx,1.264959,0.346214,125567
/media/hemeng/2TB/MM/Pothen/bodyy5/bodyy5.mtx,1.424054,0.525803,129281
/media/hemeng/2TB/MM/Pothen/bodyy6/bodyy6.mtx,1.485910,0.548996,134748
/media/hemeng/2TB/MM/Bindel/ted_B/ted_B.mtx,1.354864,0.256691,144579
/media/hemeng/2TB/MM/Bindel/ted_B_unscaled/ted_B_unscaled.mtx,1.354864,0.256691,144579
/media/hemeng/2TB/MM/HB/bcsstk18/bcsstk18.mtx,1.626067,0.540604,149090
/media/hemeng/2TB/MM/HB/bcsstk24/bcsstk24.mtx,1.456450,0.170135,159910
/media/hemeng/2TB/MM/MathWorks/Muu/Muu.mtx,1.675698,0.430565,170134
/media/hemeng/2TB/MM/Nasa/nasa2910/nasa2910.mtx,1.604134,0.221878,174296
/media/hemeng/2TB/MM/Boeing/nasa2910/nasa2910.mtx,1.604134,0.221878,174296
/media/hemeng/2TB/MM/Nasa/nasa2910/nasa2910.mtx,1.604134,0.221878,174296
/media/hemeng/2TB/MM/Boeing/nasa2910/nasa2910.mtx,1.604134,0.221878,174296
/media/hemeng/2TB/MM/Oberwolfach/t2dah_e/t2dah_e.mtx,1.762555,0.419128,176117
/media/hemeng/2TB/MM/GHS_psdef/minsurfo/minsurfo.mtx,2.405998,1.105118,203622
/media/hemeng/2TB/MM/Cylshell/s3rmt3m3/s3rmt3m3.mtx,1.896297,0.229179,207695
/media/hemeng/2TB/MM/HB/bcsstk28/bcsstk28.mtx,2.002435,0.242393,219024
/media/hemeng/2TB/MM/Cylshell/s1rmt3m1/s1rmt3m1.mtx,2.001290,0.246925,219521
/media/hemeng/2TB/MM/Cylshell/s2rmt3m1/s2rmt3m1.mtx,2.001290,0.246925,219521
/media/hemeng/2TB/MM/Cylshell/s3rmt3m1/s3rmt3m1.mtx,2.001290,0.246925,219521
/media/hemeng/2TB/MM/HB/bcsstk25/bcsstk25.mtx,2.588711,0.718964,252241
/media/hemeng/2TB/MM/Cylshell/s1rmq4m1/s1rmq4m1.mtx,2.546475,0.279068,281111
/media/hemeng/2TB/MM/Cylshell/s2rmq4m1/s2rmq4m1.mtx,2.546475,0.279068,281111
/media/hemeng/2TB/MM/Cylshell/s3rmq4m1/s3rmq4m1.mtx,2.546475,0.279068,281111
/media/hemeng/2TB/MM/HB/bcsstk16/bcsstk16.mtx,2.663474,0.362839,290378
/media/hemeng/2TB/MM/MathWorks/Kuu/Kuu.mtx,3.133636,0.430565,340200
/media/hemeng/2TB/MM/Boeing/bcsstk38/bcsstk38.mtx,3.309697,0.473900,355460
/media/hemeng/2TB/MM/Oberwolfach/gyro_m/gyro_m.mtx,4.189413,1.821831,340431
/media/hemeng/2TB/MM/GHS_psdef/cvxbqp1/cvxbqp1.mtx,5.038898,3.120232,349968
/media/hemeng/2TB/MM/HB/bcsstk17/bcsstk17.mtx,3.990355,0.596321,428650
/media/hemeng/2TB/MM/GHS_psdef/wathen100/wathen100.mtx,4.774464,1.304924,471601
/media/hemeng/2TB/MM/GHS_psdef/gridgena/gridgena.mtx,5.217526,1.459915,512084
/media/hemeng/2TB/MM/GHS_psdef/apache1/apache1.mtx,6.630519,3.395325,542184
/media/hemeng/2TB/MM/JGD_Trefethen/Trefethen_20000b/Trefethen_20000b.mtx,6.077210,3.196243,554435
/media/hemeng/2TB/MM/JGD_Trefethen/Trefethen_20000/Trefethen_20000.mtx,6.080586,3.197876,554466
/media/hemeng/2TB/MM/GHS_psdef/wathen120/wathen120.mtx,5.726324,1.564995,565761
/media/hemeng/2TB/MM/Schmid/thermal1/thermal1.mtx,8.075757,3.266220,574458
/media/hemeng/2TB/MM/Boeing/crystm03/crystm03.mtx,6.212111,2.309036,583770
/media/hemeng/2TB/MM/Mulvey/finan512/finan512.mtx,7.225184,3.375732,596992
/media/hemeng/2TB/MM/TKK/cbuckle/cbuckle.mtx,6.136812,0.677574,676515
/media/hemeng/2TB/MM/Botonakis/thermomech_TC/thermomech_TC.mtx,20.490719,9.681862,711558
/media/hemeng/2TB/MM/Botonakis/thermomech_TK/thermomech_TK.mtx,20.490719,9.681862,711558
/media/hemeng/2TB/MM/ACUSIM/Pres_Poisson/Pres_Poisson.mtx,6.688308,1.024414,715804
/media/hemeng/2TB/MM/AMD/G2_circuit/G2_circuit.mtx,9.774765,4.300232,726674
/media/hemeng/2TB/MM/Simon/olafu/olafu.mtx,9.219230,1.069740,1015156
/media/hemeng/2TB/MM/Oberwolfach/gyro_k/gyro_k.mtx,10.075136,1.974220,1021159
/media/hemeng/2TB/MM/Oberwolfach/gyro/gyro.mtx,10.075136,1.974220,1021159
/media/hemeng/2TB/MM/UTEP/Dubcova2/Dubcova2.mtx,12.698713,5.011215,1030225
/media/hemeng/2TB/MM/Boeing/bcsstk36/bcsstk36.mtx,10.449136,1.257904,1143140
/media/hemeng/2TB/MM/Boeing/msc23052/msc23052.mtx,11.046156,1.819695,1154814
/media/hemeng/2TB/MM/Castrillon/denormal/denormal.mtx,12.278239,4.201302,1156224
/media/hemeng/2TB/MM/Boeing/msc10848/msc10848.mtx,11.507527,1.642532,1229778
/media/hemeng/2TB/MM/Simon/raefsky4/raefsky4.mtx,12.225952,1.755890,1328611
/media/hemeng/2TB/MM/Botonakis/thermomech_dM/thermomech_dM.mtx,28.658624,15.298203,1423116
/media/hemeng/2TB/MM/Um/2cubes_sphere/2cubes_sphere.mtx,25.737436,10.939194,1647264
/media/hemeng/2TB/MM/Cunningham/qa8fm/qa8fm.mtx,17.047424,5.283661,1660579
/media/hemeng/2TB/MM/Rothberg/cfd1/cfd1.mtx,19.315843,5.939674,1828364
/media/hemeng/2TB/MM/GHS_psdef/vanbody/vanbody.mtx,21.995540,3.313637,2336898
/media/hemeng/2TB/MM/Nasa/nasasrb/nasasrb.mtx,24.664195,3.675858,2677324
/media/hemeng/2TB/MM/Boeing/ct20stif/ct20stif.mtx,25.113277,3.485161,2698463
/media/hemeng/2TB/MM/Rothberg/cfd2/cfd2.mtx,31.128165,8.466660,3087898
/media/hemeng/2TB/MM/ND/nd3k/nd3k.mtx,29.350650,2.770454,3279690
/media/hemeng/2TB/MM/GHS_psdef/oilpan/oilpan.mtx,32.671412,3.666870,3597188
/media/hemeng/2TB/MM/UTEP/Dubcova3/Dubcova3.mtx,39.310481,11.725357,3636649
/media/hemeng/2TB/MM/Wissgott/parabolic_fem/parabolic_fem.mtx,49.282401,24.900604,3674625
/media/hemeng/2TB/MM/TKK/smt/smt.mtx,35.334576,5.271606,3753184
/media/hemeng/2TB/MM/GHS_psdef/s3dkt3m2/s3dkt3m2.mtx,34.327508,4.112907,3753461
/media/hemeng/2TB/MM/Williams/cant/cant.mtx,37.271655,6.208931,4007383
/media/hemeng/2TB/MM/DNVS/thread/thread.mtx,41.118106,5.135773,4470048
/media/hemeng/2TB/MM/DNVS/ship_001/ship_001.mtx,42.580815,5.246162,4644230
/media/hemeng/2TB/MM/GHS_psdef/apache2/apache2.mtx,58.892593,30.137283,4817870
/media/hemeng/2TB/MM/GHS_psdef/s3dkq4m2/s3dkq4m2.mtx,43.616582,4.621902,4820891
/media/hemeng/2TB/MM/McRae/ecology2/ecology2.mtx,59.070670,27.154526,4995991
/media/hemeng/2TB/MM/CEMW/tmt_sym/tmt_sym.mtx,55.497825,20.352654,5080961
/media/hemeng/2TB/MM/Williams/consph/consph.mtx,56.822754,9.272446,6010480
/media/hemeng/2TB/MM/DNVS/shipsec8/shipsec8.mtx,62.456286,9.683022,6653399
/media/hemeng/2TB/MM/Oberwolfach/boneS01/boneS01.mtx,63.554058,10.576294,6715152
/media/hemeng/2TB/MM/ND/nd6k/nd6k.mtx,61.853377,5.938454,6897316
/media/hemeng/2TB/MM/GHS_psdef/bmw7st_1/bmw7st_1.mtx,68.230116,9.284203,7339667
/media/hemeng/2TB/MM/DNVS/shipsec1/shipsec1.mtx,73.569762,12.067772,7813404
/media/hemeng/2TB/MM/DNVS/ship_003/ship_003.mtx,76.463338,12.230255,8086034
/media/hemeng/2TB/MM/DNVS/m_t1/m_t1.mtx,89.000764,10.612915,9753570
/media/hemeng/2TB/MM/DNVS/shipsec5/shipsec5.mtx,95.690734,16.160179,10113096
/media/hemeng/2TB/MM/DNVS/x104/x104.mtx,92.939265,11.594376,10167624
/media/hemeng/2TB/MM/GHS_psdef/crankseg_1/crankseg_1.mtx,99.324584,14.390343,10614210
/media/hemeng/2TB/MM/GHS_psdef/bmwcra_1/bmwcra_1.mtx,101.274596,16.402924,10644002
/media/hemeng/2TB/MM/GHS_psdef/hood/hood.mtx,101.354963,15.097923,10768436
/media/hemeng/2TB/MM/Boeing/pwtk/pwtk.mtx,105.654861,11.705727,11634424
/media/hemeng/2TB/MM/BenElechi/BenElechi1/BenElechi1.mtx,118.776309,12.196350,13150496
/media/hemeng/2TB/MM/GHS_psdef/crankseg_2/crankseg_2.mtx,132.478570,19.257072,14148858
/media/hemeng/2TB/MM/ND/nd12k/nd12k.mtx,127.639258,12.385277,14220946
/media/hemeng/2TB/MM/Schenk_AFE/af_0_k101/af_0_k101.mtx,161.446083,21.126709,17550675
/media/hemeng/2TB/MM/Schenk_AFE/af_1_k101/af_1_k101.mtx,161.446083,21.126709,17550675
/media/hemeng/2TB/MM/Schenk_AFE/af_2_k101/af_2_k101.mtx,161.446083,21.126709,17550675
/media/hemeng/2TB/MM/Schenk_AFE/af_3_k101/af_3_k101.mtx,161.446083,21.126709,17550675
/media/hemeng/2TB/MM/Schenk_AFE/af_4_k101/af_4_k101.mtx,161.446083,21.126709,17550675
/media/hemeng/2TB/MM/Schenk_AFE/af_5_k101/af_5_k101.mtx,161.446083,21.126709,17550675
/media/hemeng/2TB/MM/Schenk_AFE/af_shell3/af_shell3.mtx,161.661550,21.137230,17588875
/media/hemeng/2TB/MM/Schenk_AFE/af_shell4/af_shell4.mtx,161.661550,21.137230,17588875
/media/hemeng/2TB/MM/Schenk_AFE/af_shell7/af_shell7.mtx,161.661550,21.137230,17588875
/media/hemeng/2TB/MM/Schenk_AFE/af_shell8/af_shell8.mtx,161.661550,21.137230,17588875
/media/hemeng/2TB/MM/Mazaheri/bundle_adj/bundle_adj.mtx,184.328046,22.069374,20208051
/media/hemeng/2TB/MM/INPRO/msdoor/msdoor.mtx,191.317347,29.333580,20240935
/media/hemeng/2TB/MM/Janna/Fault_639/Fault_639.mtx,281.559875,58.205841,28614564
/media/hemeng/2TB/MM/ND/nd24k/nd24k.mtx,257.847522,25.156685,28715634
/media/hemeng/2TB/MM/Janna/PFlow_742/PFlow_742.mtx,353.953834,64.993896,37138461
/media/hemeng/2TB/MM/GHS_psdef/ldoor/ldoor.mtx,436.042836,62.298874,46522475
/media/hemeng/2TB/MM/Oberwolfach/boneS10/boneS10.mtx,521.466773,84.238640,55468422
/media/hemeng/2TB/MM/HB/bcsstm02/bcsstm02.mtx,0.000804,0.000519,66
/media/hemeng/2TB/MM/Oberwolfach/LF10/LF10.mtx,0.000755,0.000160,82
/media/hemeng/2TB/MM/HB/bcsstm22/bcsstm22.mtx,0.001582,0.001038,138
/media/hemeng/2TB/MM/JGD_Trefethen/Trefethen_20b/Trefethen_20b.mtx,0.001206,0.000214,147
/media/hemeng/2TB/MM/HB/bcsstm05/bcsstm05.mtx,0.001777,0.001167,153
/media/hemeng/2TB/MM/JGD_Trefethen/Trefethen_20/Trefethen_20.mtx,0.001236,0.000229,158
/media/hemeng/2TB/MM/FIDAP/ex5/ex5.mtx,0.001578,0.000259,279
/media/hemeng/2TB/MM/Pothen/mesh1e1/mesh1e1.mtx,0.003089,0.000946,306
/media/hemeng/2TB/MM/Pothen/mesh1em1/mesh1em1.mtx,0.003089,0.000946,306
/media/hemeng/2TB/MM/Pothen/mesh1em6/mesh1em6.mtx,0.003089,0.000946,306
/media/hemeng/2TB/MM/HB/bcsstk01/bcsstk01.mtx,0.003930,0.001083,400
/media/hemeng/2TB/MM/HB/bcsstm06/bcsstm06.mtx,0.005084,0.003372,420
/media/hemeng/2TB/MM/HB/bcsstm20/bcsstm20.mtx,0.005862,0.003891,485
/media/hemeng/2TB/MM/HB/nos4/nos4.mtx,0.005749,0.001564,594
/media/hemeng/2TB/MM/HB/bcsstk03/bcsstk03.mtx,0.006286,0.001366,640
/media/hemeng/2TB/MM/HB/bcsstk22/bcsstk22.mtx,0.007196,0.002304,696
/media/hemeng/2TB/MM/HB/bcsstm19/bcsstm19.mtx,0.009948,0.006615,817
/media/hemeng/2TB/MM/MaxPlanck/shallow_water1/shallow_water1.mtx,3.574244,1.250000,327680
/media/hemeng/2TB/MM/HB/nos1/nos1.mtx,0.009899,0.002708,1017
/media/hemeng/2TB/MM/HB/bcsstm08/bcsstm08.mtx,0.013061,0.008690,1074
/media/hemeng/2TB/MM/HB/bcsstm09/bcsstm09.mtx,0.013061,0.008690,1083
/media/hemeng/2TB/MM/HB/bcsstm11/bcsstm11.mtx,0.017924,0.011932,1473
/media/hemeng/2TB/MM/HB/bcsstm26/bcsstm26.mtx,0.023372,0.015564,1922
/media/hemeng/2TB/MM/HB/lund_b/lund_b.mtx,0.022620,0.003937,2441
/media/hemeng/2TB/MM/HB/bcsstm23/bcsstm23.mtx,0.037963,0.025291,3134
/media/hemeng/2TB/MM/JGD_BIBD/bibd_81_2/bibd_81_2.mtx,0.039325,0.026199,3240
/media/hemeng/2TB/MM/HB/bcsstm24/bcsstm24.mtx,0.043216,0.028793,3562
/media/hemeng/2TB/MM/HB/bcsstm21/bcsstm21.mtx,0.043799,0.029182,3600
/media/hemeng/2TB/MM/HB/nos2/nos2.mtx,0.041885,0.011520,4137
/media/hemeng/2TB/MM/Oberwolfach/t2dal_e/t2dal_e.mtx,0.051776,0.034500,4257
/media/hemeng/2TB/MM/HB/bcsstm25/bcsstm25.mtx,0.187572,0.125031,15439
/media/hemeng/2TB/MM/Oberwolfach/t3dl_e/t3dl_e.mtx,0.247493,0.164978,20360
/media/hemeng/2TB/MM/Boeing/bcsstm39/bcsstm39.mtx,0.568694,0.379112,46772
/media/hemeng/2TB/MM/Oberwolfach/LFAT5000/LFAT5000.mtx,0.838504,0.276299,79966
/media/hemeng/2TB/MM/Oberwolfach/LF10000/LF10000.mtx,1.000520,0.238197,99982
/media/hemeng/2TB/MM/GHS_psdef/obstclae/obstclae.mtx,2.335032,1.073898,197608
/media/hemeng/2TB/MM/GHS_psdef/torsion1/torsion1.mtx,2.335032,1.073898,197608
/media/hemeng/2TB/MM/GHS_psdef/jnlbrng1/jnlbrng1.mtx,2.351405,1.080704,199200
/media/hemeng/2TB/MM/UTEP/Dubcova1/Dubcova1.mtx,3.090612,1.211761,253009
/media/hemeng/2TB/MM/Boeing/crystm02/crystm02.mtx,3.441700,1.279564,322905
/media/hemeng/2TB/MM/MaxPlanck/shallow_water2/shallow_water2.mtx,3.574244,1.250000,327680
/media/hemeng/2TB/MM/Um/offshore/offshore.mtx,77.783560,35.093590,4242673
/media/hemeng/2TB/MM/Schmid/thermal2/thermal2.mtx,133.260802,55.819679,8580313
/media/hemeng/2TB/MM/Janna/StocF-1465/StocF-1465.mtx,253.319377,100.748085,21005389
/media/hemeng/2TB/MM/GHS_psdef/inline_1/inline_1.mtx,360.094222,69.159477,36816342
/media/hemeng/2TB/MM/Janna/Emilia_923/Emilia_923.mtx,408.283668,92.035408,41005206
/media/hemeng/2TB/MM/Janna/Hook_1498/Hook_1498.mtx,603.519977,124.663200,60917445
/media/hemeng/2TB/MM/Janna/Geo_1438/Geo_1438.mtx,622.324990,133.427612,63156690
/media/hemeng/2TB/MM/Janna/Serena/Serena.mtx,639.894088,132.777153,64531701
/media/hemeng/2TB/MM/Oberwolfach/bone010/bone010.mtx,668.639088,103.103241,71666325
/media/hemeng/2TB/MM/GHS_psdef/audikw_1/audikw_1.mtx,751.844750,137.309937,77651847
